instrument_id,fitch_idr,fitch_rating_basis,fitch_industry,fitch_recovery,fitch_recovery_basis,source_reference
SYN-LN-00001,BB-,development_proxy,,0.75,development_assumption,FICTIONAL DEVELOPMENT: copied S&P symbol as Fitch IDR-equivalency proxy; no Fitch rating or Appendix 5 review. Assumed first-lien facility is senior secured loan with no issue recovery opinion; United States Group 1; Fitch June 1 2026 Appendix 4 pp42-43 and Appendix 6 pp47-48 BBsf Strong fallback.
SYN-LN-00002,BBB,development_proxy,,,,FICTIONAL DEVELOPMENT: copied S&P symbol as Fitch IDR-equivalency proxy; no Fitch rating or Appendix 5 review.
SYN-LN-00003,B,development_proxy,,0.75,development_assumption,FICTIONAL DEVELOPMENT: copied S&P symbol as Fitch IDR-equivalency proxy; no Fitch rating or Appendix 5 review. Assumed first-lien facility is senior secured loan with no issue recovery opinion; United States Group 1; Fitch June 1 2026 Appendix 4 pp42-43 and Appendix 6 pp47-48 BBsf Strong fallback.
SYN-LN-00004,B-,development_proxy,,0.75,development_assumption,FICTIONAL DEVELOPMENT: copied S&P symbol as Fitch IDR-equivalency proxy; no Fitch rating or Appendix 5 review. Assumed first-lien facility is senior secured loan with no issue recovery opinion; United States Group 1; Fitch June 1 2026 Appendix 4 pp42-43 and Appendix 6 pp47-48 BBsf Strong fallback.
SYN-LN-00005,B,development_proxy,,0.75,development_assumption,FICTIONAL DEVELOPMENT: copied S&P symbol as Fitch IDR-equivalency proxy; no Fitch rating or Appendix 5 review. Assumed first-lien facility is senior secured loan with no issue recovery opinion; United States Group 1; Fitch June 1 2026 Appendix 4 pp42-43 and Appendix 6 pp47-48 BBsf Strong fallback.
SYN-LN-00006,B,development_proxy,,0.75,development_assumption,FICTIONAL DEVELOPMENT: copied S&P symbol as Fitch IDR-equivalency proxy; no Fitch rating or Appendix 5 review. Assumed first-lien facility is senior secured loan with no issue recovery opinion; United States Group 1; Fitch June 1 2026 Appendix 4 pp42-43 and Appendix 6 pp47-48 BBsf Strong fallback.
SYN-LN-00007,B,development_proxy,,0.75,development_assumption,FICTIONAL DEVELOPMENT: copied S&P symbol as Fitch IDR-equivalency proxy; no Fitch rating or Appendix 5 review. Assumed first-lien facility is senior secured loan with no issue recovery opinion; United States Group 1; Fitch June 1 2026 Appendix 4 pp42-43 and Appendix 6 pp47-48 BBsf Strong fallback.
SYN-LN-00008,B+,development_proxy,,0.75,development_assumption,FICTIONAL DEVELOPMENT: copied S&P symbol as Fitch IDR-equivalency proxy; no Fitch rating or Appendix 5 review. Assumed first-lien facility is senior secured loan with no issue recovery opinion; United States Group 1; Fitch June 1 2026 Appendix 4 pp42-43 and Appendix 6 pp47-48 BBsf Strong fallback.
SYN-LN-00009,BB-,development_proxy,,0.75,development_assumption,FICTIONAL DEVELOPMENT: copied S&P symbol as Fitch IDR-equivalency proxy; no Fitch rating or Appendix 5 review. Assumed first-lien facility is senior secured loan with no issue recovery opinion; United States Group 1; Fitch June 1 2026 Appendix 4 pp42-43 and Appendix 6 pp47-48 BBsf Strong fallback.
SYN-LN-00010,BB,development_proxy,,0.75,development_assumption,FICTIONAL DEVELOPMENT: copied S&P symbol as Fitch IDR-equivalency proxy; no Fitch rating or Appendix 5 review. Assumed first-lien facility is senior secured loan with no issue recovery opinion; United States Group 1; Fitch June 1 2026 Appendix 4 pp42-43 and Appendix 6 pp47-48 BBsf Strong fallback.
SYN-LN-00011,B+,development_proxy,,0.75,development_assumption,FICTIONAL DEVELOPMENT: copied S&P symbol as Fitch IDR-equivalency proxy; no Fitch rating or Appendix 5 review. Assumed first-lien facility is senior secured loan with no issue recovery opinion; United States Group 1; Fitch June 1 2026 Appendix 4 pp42-43 and Appendix 6 pp47-48 BBsf Strong fallback.
SYN-LN-00012,B+,development_proxy,,0.75,development_assumption,FICTIONAL DEVELOPMENT: copied S&P symbol as Fitch IDR-equivalency proxy; no Fitch rating or Appendix 5 review. Assumed first-lien facility is senior secured loan with no issue recovery opinion; United States Group 1; Fitch June 1 2026 Appendix 4 pp42-43 and Appendix 6 pp47-48 BBsf Strong fallback.
SYN-LN-00013,B+,development_proxy,,0.75,development_assumption,FICTIONAL DEVELOPMENT: copied S&P symbol as Fitch IDR-equivalency proxy; no Fitch rating or Appendix 5 review. Assumed first-lien facility is senior secured loan with no issue recovery opinion; United States Group 1; Fitch June 1 2026 Appendix 4 pp42-43 and Appendix 6 pp47-48 BBsf Strong fallback.
SYN-LN-00014,B+,development_proxy,,0.75,development_assumption,FICTIONAL DEVELOPMENT: copied S&P symbol as Fitch IDR-equivalency proxy; no Fitch rating or Appendix 5 review. Assumed first-lien facility is senior secured loan with no issue recovery opinion; United States Group 1; Fitch June 1 2026 Appendix 4 pp42-43 and Appendix 6 pp47-48 BBsf Strong fallback.
SYN-LN-00015,BB,development_proxy,,0.75,development_assumption,FICTIONAL DEVELOPMENT: copied S&P symbol as Fitch IDR-equivalency proxy; no Fitch rating or Appendix 5 review. Assumed first-lien facility is senior secured loan with no issue recovery opinion; United States Group 1; Fitch June 1 2026 Appendix 4 pp42-43 and Appendix 6 pp47-48 BBsf Strong fallback.
SYN-LN-00016,BB-,development_proxy,,0.75,development_assumption,FICTIONAL DEVELOPMENT: copied S&P symbol as Fitch IDR-equivalency proxy; no Fitch rating or Appendix 5 review. Assumed first-lien facility is senior secured loan with no issue recovery opinion; United States Group 1; Fitch June 1 2026 Appendix 4 pp42-43 and Appendix 6 pp47-48 BBsf Strong fallback.
SYN-LN-00017,BB-,development_proxy,,,,FICTIONAL DEVELOPMENT: copied S&P symbol as Fitch IDR-equivalency proxy; no Fitch rating or Appendix 5 review.
SYN-LN-00018,BB,development_proxy,,0.75,development_assumption,FICTIONAL DEVELOPMENT: copied S&P symbol as Fitch IDR-equivalency proxy; no Fitch rating or Appendix 5 review. Assumed first-lien facility is senior secured loan with no issue recovery opinion; United States Group 1; Fitch June 1 2026 Appendix 4 pp42-43 and Appendix 6 pp47-48 BBsf Strong fallback.
SYN-LN-00019,B-,development_proxy,,0.75,development_assumption,FICTIONAL DEVELOPMENT: copied S&P symbol as Fitch IDR-equivalency proxy; no Fitch rating or Appendix 5 review. Assumed first-lien facility is senior secured loan with no issue recovery opinion; United States Group 1; Fitch June 1 2026 Appendix 4 pp42-43 and Appendix 6 pp47-48 BBsf Strong fallback.
SYN-LN-00020,B+,development_proxy,,0.75,development_assumption,FICTIONAL DEVELOPMENT: copied S&P symbol as Fitch IDR-equivalency proxy; no Fitch rating or Appendix 5 review. Assumed first-lien facility is senior secured loan with no issue recovery opinion; United States Group 1; Fitch June 1 2026 Appendix 4 pp42-43 and Appendix 6 pp47-48 BBsf Strong fallback.
SYN-LN-00021,BB-,development_proxy,,0.75,development_assumption,FICTIONAL DEVELOPMENT: copied S&P symbol as Fitch IDR-equivalency proxy; no Fitch rating or Appendix 5 review. Assumed first-lien facility is senior secured loan with no issue recovery opinion; United States Group 1; Fitch June 1 2026 Appendix 4 pp42-43 and Appendix 6 pp47-48 BBsf Strong fallback.
SYN-LN-00022,BBB-,development_proxy,,0.75,development_assumption,FICTIONAL DEVELOPMENT: copied S&P symbol as Fitch IDR-equivalency proxy; no Fitch rating or Appendix 5 review. Assumed first-lien facility is senior secured loan with no issue recovery opinion; United States Group 1; Fitch June 1 2026 Appendix 4 pp42-43 and Appendix 6 pp47-48 BBsf Strong fallback.
SYN-LN-00023,BB,development_proxy,,0.75,development_assumption,FICTIONAL DEVELOPMENT: copied S&P symbol as Fitch IDR-equivalency proxy; no Fitch rating or Appendix 5 review. Assumed first-lien facility is senior secured loan with no issue recovery opinion; United States Group 1; Fitch June 1 2026 Appendix 4 pp42-43 and Appendix 6 pp47-48 BBsf Strong fallback.
SYN-LN-00024,B+,development_proxy,,0.75,development_assumption,FICTIONAL DEVELOPMENT: copied S&P symbol as Fitch IDR-equivalency proxy; no Fitch rating or Appendix 5 review. Assumed first-lien facility is senior secured loan with no issue recovery opinion; United States Group 1; Fitch June 1 2026 Appendix 4 pp42-43 and Appendix 6 pp47-48 BBsf Strong fallback.
SYN-LN-00025,B-,development_proxy,,0.75,development_assumption,FICTIONAL DEVELOPMENT: copied S&P symbol as Fitch IDR-equivalency proxy; no Fitch rating or Appendix 5 review. Assumed first-lien facility is senior secured loan with no issue recovery opinion; United States Group 1; Fitch June 1 2026 Appendix 4 pp42-43 and Appendix 6 pp47-48 BBsf Strong fallback.
SYN-LN-00026,B,development_proxy,,0.65,development_assumption,FICTIONAL DEVELOPMENT: copied S&P symbol as Fitch IDR-equivalency proxy; no Fitch rating or Appendix 5 review. Assumed first-lien facility is senior secured loan with no issue recovery opinion; Luxembourg Group 2; Fitch June 1 2026 Appendix 4 pp42-43 and Appendix 6 pp47-48 BBsf Strong fallback.
SYN-LN-00027,BB-,development_proxy,,0.75,development_assumption,FICTIONAL DEVELOPMENT: copied S&P symbol as Fitch IDR-equivalency proxy; no Fitch rating or Appendix 5 review. Assumed first-lien facility is senior secured loan with no issue recovery opinion; United States Group 1; Fitch June 1 2026 Appendix 4 pp42-43 and Appendix 6 pp47-48 BBsf Strong fallback.
SYN-LN-00028,BB-,development_proxy,,0.75,development_assumption,FICTIONAL DEVELOPMENT: copied S&P symbol as Fitch IDR-equivalency proxy; no Fitch rating or Appendix 5 review. Assumed first-lien facility is senior secured loan with no issue recovery opinion; United States Group 1; Fitch June 1 2026 Appendix 4 pp42-43 and Appendix 6 pp47-48 BBsf Strong fallback.
SYN-LN-00029,B,development_proxy,,0.65,development_assumption,FICTIONAL DEVELOPMENT: copied S&P symbol as Fitch IDR-equivalency proxy; no Fitch rating or Appendix 5 review. Assumed first-lien facility is senior secured loan with no issue recovery opinion; Luxembourg Group 2; Fitch June 1 2026 Appendix 4 pp42-43 and Appendix 6 pp47-48 BBsf Strong fallback.
SYN-LN-00030,B-,development_proxy,,0.75,development_assumption,FICTIONAL DEVELOPMENT: copied S&P symbol as Fitch IDR-equivalency proxy; no Fitch rating or Appendix 5 review. Assumed first-lien facility is senior secured loan with no issue recovery opinion; United States Group 1; Fitch June 1 2026 Appendix 4 pp42-43 and Appendix 6 pp47-48 BBsf Strong fallback.
SYN-LN-00031,B+,development_proxy,,0.75,development_assumption,FICTIONAL DEVELOPMENT: copied S&P symbol as Fitch IDR-equivalency proxy; no Fitch rating or Appendix 5 review. Assumed first-lien facility is senior secured loan with no issue recovery opinion; United States Group 1; Fitch June 1 2026 Appendix 4 pp42-43 and Appendix 6 pp47-48 BBsf Strong fallback.
SYN-LN-00032,B,development_proxy,,0.75,development_assumption,FICTIONAL DEVELOPMENT: copied S&P symbol as Fitch IDR-equivalency proxy; no Fitch rating or Appendix 5 review. Assumed first-lien facility is senior secured loan with no issue recovery opinion; United States Group 1; Fitch June 1 2026 Appendix 4 pp42-43 and Appendix 6 pp47-48 BBsf Strong fallback.
SYN-LN-00033,B+,development_proxy,,0.75,development_assumption,FICTIONAL DEVELOPMENT: copied S&P symbol as Fitch IDR-equivalency proxy; no Fitch rating or Appendix 5 review. Assumed first-lien facility is senior secured loan with no issue recovery opinion; United States Group 1; Fitch June 1 2026 Appendix 4 pp42-43 and Appendix 6 pp47-48 BBsf Strong fallback.
SYN-LN-00034,B+,development_proxy,,0.75,development_assumption,FICTIONAL DEVELOPMENT: copied S&P symbol as Fitch IDR-equivalency proxy; no Fitch rating or Appendix 5 review. Assumed first-lien facility is senior secured loan with no issue recovery opinion; United States Group 1; Fitch June 1 2026 Appendix 4 pp42-43 and Appendix 6 pp47-48 BBsf Strong fallback.
SYN-LN-00035,B-,development_proxy,,0.75,development_assumption,FICTIONAL DEVELOPMENT: copied S&P symbol as Fitch IDR-equivalency proxy; no Fitch rating or Appendix 5 review. Assumed first-lien facility is senior secured loan with no issue recovery opinion; United States Group 1; Fitch June 1 2026 Appendix 4 pp42-43 and Appendix 6 pp47-48 BBsf Strong fallback.
SYN-LN-00036,B,development_proxy,,0.75,development_assumption,FICTIONAL DEVELOPMENT: copied S&P symbol as Fitch IDR-equivalency proxy; no Fitch rating or Appendix 5 review. Assumed first-lien facility is senior secured loan with no issue recovery opinion; United States Group 1; Fitch June 1 2026 Appendix 4 pp42-43 and Appendix 6 pp47-48 BBsf Strong fallback.
SYN-LN-00037,BB-,development_proxy,,0.75,development_assumption,FICTIONAL DEVELOPMENT: copied S&P symbol as Fitch IDR-equivalency proxy; no Fitch rating or Appendix 5 review. Assumed first-lien facility is senior secured loan with no issue recovery opinion; United States Group 1; Fitch June 1 2026 Appendix 4 pp42-43 and Appendix 6 pp47-48 BBsf Strong fallback.
SYN-LN-00038,B-,development_proxy,,0.75,development_assumption,FICTIONAL DEVELOPMENT: copied S&P symbol as Fitch IDR-equivalency proxy; no Fitch rating or Appendix 5 review. Assumed first-lien facility is senior secured loan with no issue recovery opinion; United States Group 1; Fitch June 1 2026 Appendix 4 pp42-43 and Appendix 6 pp47-48 BBsf Strong fallback.
SYN-LN-00039,B-,development_proxy,,0.75,development_assumption,FICTIONAL DEVELOPMENT: copied S&P symbol as Fitch IDR-equivalency proxy; no Fitch rating or Appendix 5 review. Assumed first-lien facility is senior secured loan with no issue recovery opinion; United States Group 1; Fitch June 1 2026 Appendix 4 pp42-43 and Appendix 6 pp47-48 BBsf Strong fallback.
SYN-LN-00040,BB,development_proxy,,0.75,development_assumption,FICTIONAL DEVELOPMENT: copied S&P symbol as Fitch IDR-equivalency proxy; no Fitch rating or Appendix 5 review. Assumed first-lien facility is senior secured loan with no issue recovery opinion; Canada Group 1; Fitch June 1 2026 Appendix 4 pp42-43 and Appendix 6 pp47-48 BBsf Strong fallback.
SYN-LN-00041,B,development_proxy,,0.75,development_assumption,FICTIONAL DEVELOPMENT: copied S&P symbol as Fitch IDR-equivalency proxy; no Fitch rating or Appendix 5 review. Assumed first-lien facility is senior secured loan with no issue recovery opinion; United States Group 1; Fitch June 1 2026 Appendix 4 pp42-43 and Appendix 6 pp47-48 BBsf Strong fallback.
SYN-LN-00042,BB,development_proxy,,0.75,development_assumption,FICTIONAL DEVELOPMENT: copied S&P symbol as Fitch IDR-equivalency proxy; no Fitch rating or Appendix 5 review. Assumed first-lien facility is senior secured loan with no issue recovery opinion; United States Group 1; Fitch June 1 2026 Appendix 4 pp42-43 and Appendix 6 pp47-48 BBsf Strong fallback.
SYN-LN-00043,B,development_proxy,,0.75,development_assumption,FICTIONAL DEVELOPMENT: copied S&P symbol as Fitch IDR-equivalency proxy; no Fitch rating or Appendix 5 review. Assumed first-lien facility is senior secured loan with no issue recovery opinion; United States Group 1; Fitch June 1 2026 Appendix 4 pp42-43 and Appendix 6 pp47-48 BBsf Strong fallback.
SYN-LN-00044,B+,development_proxy,,0.75,development_assumption,FICTIONAL DEVELOPMENT: copied S&P symbol as Fitch IDR-equivalency proxy; no Fitch rating or Appendix 5 review. Assumed first-lien facility is senior secured loan with no issue recovery opinion; United States Group 1; Fitch June 1 2026 Appendix 4 pp42-43 and Appendix 6 pp47-48 BBsf Strong fallback.
SYN-LN-00045,B,development_proxy,,0.75,development_assumption,FICTIONAL DEVELOPMENT: copied S&P symbol as Fitch IDR-equivalency proxy; no Fitch rating or Appendix 5 review. Assumed first-lien facility is senior secured loan with no issue recovery opinion; United States Group 1; Fitch June 1 2026 Appendix 4 pp42-43 and Appendix 6 pp47-48 BBsf Strong fallback.
SYN-LN-00046,B+,development_proxy,,0.75,development_assumption,FICTIONAL DEVELOPMENT: copied S&P symbol as Fitch IDR-equivalency proxy; no Fitch rating or Appendix 5 review. Assumed first-lien facility is senior secured loan with no issue recovery opinion; United States Group 1; Fitch June 1 2026 Appendix 4 pp42-43 and Appendix 6 pp47-48 BBsf Strong fallback.
SYN-LN-00047,B,development_proxy,,0.75,development_assumption,FICTIONAL DEVELOPMENT: copied S&P symbol as Fitch IDR-equivalency proxy; no Fitch rating or Appendix 5 review. Assumed first-lien facility is senior secured loan with no issue recovery opinion; United States Group 1; Fitch June 1 2026 Appendix 4 pp42-43 and Appendix 6 pp47-48 BBsf Strong fallback.
SYN-LN-00048,B,development_proxy,,0.75,development_assumption,FICTIONAL DEVELOPMENT: copied S&P symbol as Fitch IDR-equivalency proxy; no Fitch rating or Appendix 5 review. Assumed first-lien facility is senior secured loan with no issue recovery opinion; United States Group 1; Fitch June 1 2026 Appendix 4 pp42-43 and Appendix 6 pp47-48 BBsf Strong fallback.
SYN-LN-00049,B-,development_proxy,,0.75,development_assumption,FICTIONAL DEVELOPMENT: copied S&P symbol as Fitch IDR-equivalency proxy; no Fitch rating or Appendix 5 review. Assumed first-lien facility is senior secured loan with no issue recovery opinion; United States Group 1; Fitch June 1 2026 Appendix 4 pp42-43 and Appendix 6 pp47-48 BBsf Strong fallback.
SYN-LN-00050,BBB-,development_proxy,,,,FICTIONAL DEVELOPMENT: copied S&P symbol as Fitch IDR-equivalency proxy; no Fitch rating or Appendix 5 review.
SYN-LN-00051,BB,development_proxy,,0.75,development_assumption,FICTIONAL DEVELOPMENT: copied S&P symbol as Fitch IDR-equivalency proxy; no Fitch rating or Appendix 5 review. Assumed first-lien facility is senior secured loan with no issue recovery opinion; United States Group 1; Fitch June 1 2026 Appendix 4 pp42-43 and Appendix 6 pp47-48 BBsf Strong fallback.
SYN-LN-00052,BB+,development_proxy,,0.75,development_assumption,FICTIONAL DEVELOPMENT: copied S&P symbol as Fitch IDR-equivalency proxy; no Fitch rating or Appendix 5 review. Assumed first-lien facility is senior secured loan with no issue recovery opinion; United States Group 1; Fitch June 1 2026 Appendix 4 pp42-43 and Appendix 6 pp47-48 BBsf Strong fallback.
SYN-LN-00053,BB-,development_proxy,,0.65,development_assumption,FICTIONAL DEVELOPMENT: copied S&P symbol as Fitch IDR-equivalency proxy; no Fitch rating or Appendix 5 review. Assumed first-lien facility is senior secured loan with no issue recovery opinion; United Kingdom Group 2; Fitch June 1 2026 Appendix 4 pp42-43 and Appendix 6 pp47-48 BBsf Strong fallback.
SYN-LN-00054,B-,development_proxy,,0.75,development_assumption,FICTIONAL DEVELOPMENT: copied S&P symbol as Fitch IDR-equivalency proxy; no Fitch rating or Appendix 5 review. Assumed first-lien facility is senior secured loan with no issue recovery opinion; United States Group 1; Fitch June 1 2026 Appendix 4 pp42-43 and Appendix 6 pp47-48 BBsf Strong fallback.
SYN-LN-00055,B+,development_proxy,,0.75,development_assumption,FICTIONAL DEVELOPMENT: copied S&P symbol as Fitch IDR-equivalency proxy; no Fitch rating or Appendix 5 review. Assumed first-lien facility is senior secured loan with no issue recovery opinion; United States Group 1; Fitch June 1 2026 Appendix 4 pp42-43 and Appendix 6 pp47-48 BBsf Strong fallback.
SYN-LN-00056,B-,development_proxy,,0.75,development_assumption,FICTIONAL DEVELOPMENT: copied S&P symbol as Fitch IDR-equivalency proxy; no Fitch rating or Appendix 5 review. Assumed first-lien facility is senior secured loan with no issue recovery opinion; United States Group 1; Fitch June 1 2026 Appendix 4 pp42-43 and Appendix 6 pp47-48 BBsf Strong fallback.
SYN-LN-00057,B-,development_proxy,,0.65,development_assumption,FICTIONAL DEVELOPMENT: copied S&P symbol as Fitch IDR-equivalency proxy; no Fitch rating or Appendix 5 review. Assumed first-lien facility is senior secured loan with no issue recovery opinion; Austria Group 2; Fitch June 1 2026 Appendix 4 pp42-43 and Appendix 6 pp47-48 BBsf Strong fallback.
SYN-LN-00058,BBB+,development_proxy,,0.65,development_assumption,FICTIONAL DEVELOPMENT: copied S&P symbol as Fitch IDR-equivalency proxy; no Fitch rating or Appendix 5 review. Assumed first-lien facility is senior secured loan with no issue recovery opinion; United Kingdom Group 2; Fitch June 1 2026 Appendix 4 pp42-43 and Appendix 6 pp47-48 BBsf Strong fallback.
SYN-LN-00059,BB+,development_proxy,,0.75,development_assumption,FICTIONAL DEVELOPMENT: copied S&P symbol as Fitch IDR-equivalency proxy; no Fitch rating or Appendix 5 review. Assumed first-lien facility is senior secured loan with no issue recovery opinion; United States Group 1; Fitch June 1 2026 Appendix 4 pp42-43 and Appendix 6 pp47-48 BBsf Strong fallback.
SYN-LN-00060,BB-,development_proxy,,0.75,development_assumption,FICTIONAL DEVELOPMENT: copied S&P symbol as Fitch IDR-equivalency proxy; no Fitch rating or Appendix 5 review. Assumed first-lien facility is senior secured loan with no issue recovery opinion; United States Group 1; Fitch June 1 2026 Appendix 4 pp42-43 and Appendix 6 pp47-48 BBsf Strong fallback.
SYN-LN-00061,B-,development_proxy,,0.75,development_assumption,FICTIONAL DEVELOPMENT: copied S&P symbol as Fitch IDR-equivalency proxy; no Fitch rating or Appendix 5 review. Assumed first-lien facility is senior secured loan with no issue recovery opinion; United States Group 1; Fitch June 1 2026 Appendix 4 pp42-43 and Appendix 6 pp47-48 BBsf Strong fallback.
SYN-LN-00062,B,development_proxy,,0.75,development_assumption,FICTIONAL DEVELOPMENT: copied S&P symbol as Fitch IDR-equivalency proxy; no Fitch rating or Appendix 5 review. Assumed first-lien facility is senior secured loan with no issue recovery opinion; United States Group 1; Fitch June 1 2026 Appendix 4 pp42-43 and Appendix 6 pp47-48 BBsf Strong fallback.
SYN-LN-00063,B+,development_proxy,,0.65,development_assumption,FICTIONAL DEVELOPMENT: copied S&P symbol as Fitch IDR-equivalency proxy; no Fitch rating or Appendix 5 review. Assumed first-lien facility is senior secured loan with no issue recovery opinion; Ireland Group 2; Fitch June 1 2026 Appendix 4 pp42-43 and Appendix 6 pp47-48 BBsf Strong fallback.
SYN-LN-00064,B+,development_proxy,,0.75,development_assumption,FICTIONAL DEVELOPMENT: copied S&P symbol as Fitch IDR-equivalency proxy; no Fitch rating or Appendix 5 review. Assumed first-lien facility is senior secured loan with no issue recovery opinion; United States Group 1; Fitch June 1 2026 Appendix 4 pp42-43 and Appendix 6 pp47-48 BBsf Strong fallback.
SYN-LN-00065,B-,development_proxy,,0.75,development_assumption,FICTIONAL DEVELOPMENT: copied S&P symbol as Fitch IDR-equivalency proxy; no Fitch rating or Appendix 5 review. Assumed first-lien facility is senior secured loan with no issue recovery opinion; United States Group 1; Fitch June 1 2026 Appendix 4 pp42-43 and Appendix 6 pp47-48 BBsf Strong fallback.
SYN-LN-00066,B-,development_proxy,,0.65,development_assumption,FICTIONAL DEVELOPMENT: copied S&P symbol as Fitch IDR-equivalency proxy; no Fitch rating or Appendix 5 review. Assumed first-lien facility is senior secured loan with no issue recovery opinion; United Kingdom Group 2; Fitch June 1 2026 Appendix 4 pp42-43 and Appendix 6 pp47-48 BBsf Strong fallback.
SYN-LN-00067,BB-,development_proxy,,0.75,development_assumption,FICTIONAL DEVELOPMENT: copied S&P symbol as Fitch IDR-equivalency proxy; no Fitch rating or Appendix 5 review. Assumed first-lien facility is senior secured loan with no issue recovery opinion; United States Group 1; Fitch June 1 2026 Appendix 4 pp42-43 and Appendix 6 pp47-48 BBsf Strong fallback.
SYN-LN-00068,B-,development_proxy,,0.75,development_assumption,FICTIONAL DEVELOPMENT: copied S&P symbol as Fitch IDR-equivalency proxy; no Fitch rating or Appendix 5 review. Assumed first-lien facility is senior secured loan with no issue recovery opinion; United States Group 1; Fitch June 1 2026 Appendix 4 pp42-43 and Appendix 6 pp47-48 BBsf Strong fallback.
SYN-LN-00069,BB,development_proxy,,0.75,development_assumption,FICTIONAL DEVELOPMENT: copied S&P symbol as Fitch IDR-equivalency proxy; no Fitch rating or Appendix 5 review. Assumed first-lien facility is senior secured loan with no issue recovery opinion; United States Group 1; Fitch June 1 2026 Appendix 4 pp42-43 and Appendix 6 pp47-48 BBsf Strong fallback.
SYN-LN-00070,B,development_proxy,,0.75,development_assumption,FICTIONAL DEVELOPMENT: copied S&P symbol as Fitch IDR-equivalency proxy; no Fitch rating or Appendix 5 review. Assumed first-lien facility is senior secured loan with no issue recovery opinion; United States Group 1; Fitch June 1 2026 Appendix 4 pp42-43 and Appendix 6 pp47-48 BBsf Strong fallback.
SYN-LN-00071,B,development_proxy,,0.75,development_assumption,FICTIONAL DEVELOPMENT: copied S&P symbol as Fitch IDR-equivalency proxy; no Fitch rating or Appendix 5 review. Assumed first-lien facility is senior secured loan with no issue recovery opinion; United States Group 1; Fitch June 1 2026 Appendix 4 pp42-43 and Appendix 6 pp47-48 BBsf Strong fallback.
SYN-LN-00072,B,development_proxy,,0.75,development_assumption,FICTIONAL DEVELOPMENT: copied S&P symbol as Fitch IDR-equivalency proxy; no Fitch rating or Appendix 5 review. Assumed first-lien facility is senior secured loan with no issue recovery opinion; United States Group 1; Fitch June 1 2026 Appendix 4 pp42-43 and Appendix 6 pp47-48 BBsf Strong fallback.
SYN-LN-00073,B-,development_proxy,,0.75,development_assumption,FICTIONAL DEVELOPMENT: copied S&P symbol as Fitch IDR-equivalency proxy; no Fitch rating or Appendix 5 review. Assumed first-lien facility is senior secured loan with no issue recovery opinion; United States Group 1; Fitch June 1 2026 Appendix 4 pp42-43 and Appendix 6 pp47-48 BBsf Strong fallback.
SYN-LN-00074,A-,development_proxy,,0.65,development_assumption,FICTIONAL DEVELOPMENT: copied S&P symbol as Fitch IDR-equivalency proxy; no Fitch rating or Appendix 5 review. Assumed first-lien facility is senior secured loan with no issue recovery opinion; Germany Group 2; Fitch June 1 2026 Appendix 4 pp42-43 and Appendix 6 pp47-48 BBsf Strong fallback.
SYN-LN-00075,B-,development_proxy,,0.75,development_assumption,FICTIONAL DEVELOPMENT: copied S&P symbol as Fitch IDR-equivalency proxy; no Fitch rating or Appendix 5 review. Assumed first-lien facility is senior secured loan with no issue recovery opinion; United States Group 1; Fitch June 1 2026 Appendix 4 pp42-43 and Appendix 6 pp47-48 BBsf Strong fallback.
SYN-LN-00076,B,development_proxy,,0.75,development_assumption,FICTIONAL DEVELOPMENT: copied S&P symbol as Fitch IDR-equivalency proxy; no Fitch rating or Appendix 5 review. Assumed first-lien facility is senior secured loan with no issue recovery opinion; United States Group 1; Fitch June 1 2026 Appendix 4 pp42-43 and Appendix 6 pp47-48 BBsf Strong fallback.
SYN-LN-00077,B+,development_proxy,,0.75,development_assumption,FICTIONAL DEVELOPMENT: copied S&P symbol as Fitch IDR-equivalency proxy; no Fitch rating or Appendix 5 review. Assumed first-lien facility is senior secured loan with no issue recovery opinion; United States Group 1; Fitch June 1 2026 Appendix 4 pp42-43 and Appendix 6 pp47-48 BBsf Strong fallback.
SYN-LN-00078,BB-,development_proxy,,0.75,development_assumption,FICTIONAL DEVELOPMENT: copied S&P symbol as Fitch IDR-equivalency proxy; no Fitch rating or Appendix 5 review. Assumed first-lien facility is senior secured loan with no issue recovery opinion; United States Group 1; Fitch June 1 2026 Appendix 4 pp42-43 and Appendix 6 pp47-48 BBsf Strong fallback.
SYN-LN-00079,BB-,development_proxy,,0.75,development_assumption,FICTIONAL DEVELOPMENT: copied S&P symbol as Fitch IDR-equivalency proxy; no Fitch rating or Appendix 5 review. Assumed first-lien facility is senior secured loan with no issue recovery opinion; United States Group 1; Fitch June 1 2026 Appendix 4 pp42-43 and Appendix 6 pp47-48 BBsf Strong fallback.
SYN-LN-00080,B,development_proxy,,0.75,development_assumption,FICTIONAL DEVELOPMENT: copied S&P symbol as Fitch IDR-equivalency proxy; no Fitch rating or Appendix 5 review. Assumed first-lien facility is senior secured loan with no issue recovery opinion; United States Group 1; Fitch June 1 2026 Appendix 4 pp42-43 and Appendix 6 pp47-48 BBsf Strong fallback.
SYN-LN-00081,B,development_proxy,,0.75,development_assumption,FICTIONAL DEVELOPMENT: copied S&P symbol as Fitch IDR-equivalency proxy; no Fitch rating or Appendix 5 review. Assumed first-lien facility is senior secured loan with no issue recovery opinion; United States Group 1; Fitch June 1 2026 Appendix 4 pp42-43 and Appendix 6 pp47-48 BBsf Strong fallback.
SYN-LN-00082,B,development_proxy,,0.75,development_assumption,FICTIONAL DEVELOPMENT: copied S&P symbol as Fitch IDR-equivalency proxy; no Fitch rating or Appendix 5 review. Assumed first-lien facility is senior secured loan with no issue recovery opinion; United States Group 1; Fitch June 1 2026 Appendix 4 pp42-43 and Appendix 6 pp47-48 BBsf Strong fallback.
SYN-LN-00083,B-,development_proxy,,0.75,development_assumption,FICTIONAL DEVELOPMENT: copied S&P symbol as Fitch IDR-equivalency proxy; no Fitch rating or Appendix 5 review. Assumed first-lien facility is senior secured loan with no issue recovery opinion; United States Group 1; Fitch June 1 2026 Appendix 4 pp42-43 and Appendix 6 pp47-48 BBsf Strong fallback.
SYN-LN-00084,BB,development_proxy,,0.75,development_assumption,FICTIONAL DEVELOPMENT: copied S&P symbol as Fitch IDR-equivalency proxy; no Fitch rating or Appendix 5 review. Assumed first-lien facility is senior secured loan with no issue recovery opinion; United States Group 1; Fitch June 1 2026 Appendix 4 pp42-43 and Appendix 6 pp47-48 BBsf Strong fallback.
SYN-LN-00085,BBB-,development_proxy,,0.65,development_assumption,FICTIONAL DEVELOPMENT: copied S&P symbol as Fitch IDR-equivalency proxy; no Fitch rating or Appendix 5 review. Assumed first-lien facility is senior secured loan with no issue recovery opinion; Netherlands Group 2; Fitch June 1 2026 Appendix 4 pp42-43 and Appendix 6 pp47-48 BBsf Strong fallback.
SYN-LN-00086,BB+,development_proxy,,0.75,development_assumption,FICTIONAL DEVELOPMENT: copied S&P symbol as Fitch IDR-equivalency proxy; no Fitch rating or Appendix 5 review. Assumed first-lien facility is senior secured loan with no issue recovery opinion; United States Group 1; Fitch June 1 2026 Appendix 4 pp42-43 and Appendix 6 pp47-48 BBsf Strong fallback.
SYN-LN-00087,BB+,development_proxy,,0.65,development_assumption,FICTIONAL DEVELOPMENT: copied S&P symbol as Fitch IDR-equivalency proxy; no Fitch rating or Appendix 5 review. Assumed first-lien facility is senior secured loan with no issue recovery opinion; United Kingdom Group 2; Fitch June 1 2026 Appendix 4 pp42-43 and Appendix 6 pp47-48 BBsf Strong fallback.
SYN-LN-00088,B,development_proxy,,0.75,development_assumption,FICTIONAL DEVELOPMENT: copied S&P symbol as Fitch IDR-equivalency proxy; no Fitch rating or Appendix 5 review. Assumed first-lien facility is senior secured loan with no issue recovery opinion; United States Group 1; Fitch June 1 2026 Appendix 4 pp42-43 and Appendix 6 pp47-48 BBsf Strong fallback.
SYN-LN-00089,BB,development_proxy,,0.75,development_assumption,FICTIONAL DEVELOPMENT: copied S&P symbol as Fitch IDR-equivalency proxy; no Fitch rating or Appendix 5 review. Assumed first-lien facility is senior secured loan with no issue recovery opinion; United States Group 1; Fitch June 1 2026 Appendix 4 pp42-43 and Appendix 6 pp47-48 BBsf Strong fallback.
SYN-LN-00090,B+,development_proxy,,0.75,development_assumption,FICTIONAL DEVELOPMENT: copied S&P symbol as Fitch IDR-equivalency proxy; no Fitch rating or Appendix 5 review. Assumed first-lien facility is senior secured loan with no issue recovery opinion; United States Group 1; Fitch June 1 2026 Appendix 4 pp42-43 and Appendix 6 pp47-48 BBsf Strong fallback.
SYN-LN-00091,BBB-,development_proxy,,,,FICTIONAL DEVELOPMENT: copied S&P symbol as Fitch IDR-equivalency proxy; no Fitch rating or Appendix 5 review.
SYN-LN-00092,BB,development_proxy,,0.75,development_assumption,FICTIONAL DEVELOPMENT: copied S&P symbol as Fitch IDR-equivalency proxy; no Fitch rating or Appendix 5 review. Assumed first-lien facility is senior secured loan with no issue recovery opinion; United States Group 1; Fitch June 1 2026 Appendix 4 pp42-43 and Appendix 6 pp47-48 BBsf Strong fallback.
SYN-LN-00093,B,development_proxy,,0.75,development_assumption,FICTIONAL DEVELOPMENT: copied S&P symbol as Fitch IDR-equivalency proxy; no Fitch rating or Appendix 5 review. Assumed first-lien facility is senior secured loan with no issue recovery opinion; United States Group 1; Fitch June 1 2026 Appendix 4 pp42-43 and Appendix 6 pp47-48 BBsf Strong fallback.
SYN-LN-00094,B,development_proxy,,0.75,development_assumption,FICTIONAL DEVELOPMENT: copied S&P symbol as Fitch IDR-equivalency proxy; no Fitch rating or Appendix 5 review. Assumed first-lien facility is senior secured loan with no issue recovery opinion; United States Group 1; Fitch June 1 2026 Appendix 4 pp42-43 and Appendix 6 pp47-48 BBsf Strong fallback.
SYN-LN-00095,B+,development_proxy,,0.65,development_assumption,FICTIONAL DEVELOPMENT: copied S&P symbol as Fitch IDR-equivalency proxy; no Fitch rating or Appendix 5 review. Assumed first-lien facility is senior secured loan with no issue recovery opinion; Germany Group 2; Fitch June 1 2026 Appendix 4 pp42-43 and Appendix 6 pp47-48 BBsf Strong fallback.
SYN-LN-00096,B-,development_proxy,,0.75,development_assumption,FICTIONAL DEVELOPMENT: copied S&P symbol as Fitch IDR-equivalency proxy; no Fitch rating or Appendix 5 review. Assumed first-lien facility is senior secured loan with no issue recovery opinion; United States Group 1; Fitch June 1 2026 Appendix 4 pp42-43 and Appendix 6 pp47-48 BBsf Strong fallback.
SYN-LN-00097,BB-,development_proxy,,0.75,development_assumption,FICTIONAL DEVELOPMENT: copied S&P symbol as Fitch IDR-equivalency proxy; no Fitch rating or Appendix 5 review. Assumed first-lien facility is senior secured loan with no issue recovery opinion; United States Group 1; Fitch June 1 2026 Appendix 4 pp42-43 and Appendix 6 pp47-48 BBsf Strong fallback.
SYN-LN-00098,BB-,development_proxy,,0.75,development_assumption,FICTIONAL DEVELOPMENT: copied S&P symbol as Fitch IDR-equivalency proxy; no Fitch rating or Appendix 5 review. Assumed first-lien facility is senior secured loan with no issue recovery opinion; United States Group 1; Fitch June 1 2026 Appendix 4 pp42-43 and Appendix 6 pp47-48 BBsf Strong fallback.
SYN-LN-00099,BB+,development_proxy,,0.65,development_assumption,FICTIONAL DEVELOPMENT: copied S&P symbol as Fitch IDR-equivalency proxy; no Fitch rating or Appendix 5 review. Assumed first-lien facility is senior secured loan with no issue recovery opinion; Luxembourg Group 2; Fitch June 1 2026 Appendix 4 pp42-43 and Appendix 6 pp47-48 BBsf Strong fallback.
SYN-LN-00100,B,development_proxy,,0.65,development_assumption,FICTIONAL DEVELOPMENT: copied S&P symbol as Fitch IDR-equivalency proxy; no Fitch rating or Appendix 5 review. Assumed first-lien facility is senior secured loan with no issue recovery opinion; United Kingdom Group 2; Fitch June 1 2026 Appendix 4 pp42-43 and Appendix 6 pp47-48 BBsf Strong fallback.
SYN-LN-00101,B,development_proxy,,0.75,development_assumption,FICTIONAL DEVELOPMENT: copied S&P symbol as Fitch IDR-equivalency proxy; no Fitch rating or Appendix 5 review. Assumed first-lien facility is senior secured loan with no issue recovery opinion; United States Group 1; Fitch June 1 2026 Appendix 4 pp42-43 and Appendix 6 pp47-48 BBsf Strong fallback.
SYN-LN-00102,BB,development_proxy,,0.75,development_assumption,FICTIONAL DEVELOPMENT: copied S&P symbol as Fitch IDR-equivalency proxy; no Fitch rating or Appendix 5 review. Assumed first-lien facility is senior secured loan with no issue recovery opinion; United States Group 1; Fitch June 1 2026 Appendix 4 pp42-43 and Appendix 6 pp47-48 BBsf Strong fallback.
SYN-LN-00103,B,development_proxy,,0.75,development_assumption,FICTIONAL DEVELOPMENT: copied S&P symbol as Fitch IDR-equivalency proxy; no Fitch rating or Appendix 5 review. Assumed first-lien facility is senior secured loan with no issue recovery opinion; United States Group 1; Fitch June 1 2026 Appendix 4 pp42-43 and Appendix 6 pp47-48 BBsf Strong fallback.
SYN-LN-00104,B-,development_proxy,,0.75,development_assumption,FICTIONAL DEVELOPMENT: copied S&P symbol as Fitch IDR-equivalency proxy; no Fitch rating or Appendix 5 review. Assumed first-lien facility is senior secured loan with no issue recovery opinion; United States Group 1; Fitch June 1 2026 Appendix 4 pp42-43 and Appendix 6 pp47-48 BBsf Strong fallback.
SYN-LN-00105,B-,development_proxy,,0.75,development_assumption,FICTIONAL DEVELOPMENT: copied S&P symbol as Fitch IDR-equivalency proxy; no Fitch rating or Appendix 5 review. Assumed first-lien facility is senior secured loan with no issue recovery opinion; United States Group 1; Fitch June 1 2026 Appendix 4 pp42-43 and Appendix 6 pp47-48 BBsf Strong fallback.
SYN-LN-00106,B+,development_proxy,,0.75,development_assumption,FICTIONAL DEVELOPMENT: copied S&P symbol as Fitch IDR-equivalency proxy; no Fitch rating or Appendix 5 review. Assumed first-lien facility is senior secured loan with no issue recovery opinion; United States Group 1; Fitch June 1 2026 Appendix 4 pp42-43 and Appendix 6 pp47-48 BBsf Strong fallback.
SYN-LN-00107,BB-,development_proxy,,0.75,development_assumption,FICTIONAL DEVELOPMENT: copied S&P symbol as Fitch IDR-equivalency proxy; no Fitch rating or Appendix 5 review. Assumed first-lien facility is senior secured loan with no issue recovery opinion; United States Group 1; Fitch June 1 2026 Appendix 4 pp42-43 and Appendix 6 pp47-48 BBsf Strong fallback.
SYN-LN-00108,B-,development_proxy,,0.75,development_assumption,FICTIONAL DEVELOPMENT: copied S&P symbol as Fitch IDR-equivalency proxy; no Fitch rating or Appendix 5 review. Assumed first-lien facility is senior secured loan with no issue recovery opinion; United States Group 1; Fitch June 1 2026 Appendix 4 pp42-43 and Appendix 6 pp47-48 BBsf Strong fallback.
SYN-LN-00109,B,development_proxy,,0.75,development_assumption,FICTIONAL DEVELOPMENT: copied S&P symbol as Fitch IDR-equivalency proxy; no Fitch rating or Appendix 5 review. Assumed first-lien facility is senior secured loan with no issue recovery opinion; United States Group 1; Fitch June 1 2026 Appendix 4 pp42-43 and Appendix 6 pp47-48 BBsf Strong fallback.
SYN-LN-00110,B+,development_proxy,,0.75,development_assumption,FICTIONAL DEVELOPMENT: copied S&P symbol as Fitch IDR-equivalency proxy; no Fitch rating or Appendix 5 review. Assumed first-lien facility is senior secured loan with no issue recovery opinion; United States Group 1; Fitch June 1 2026 Appendix 4 pp42-43 and Appendix 6 pp47-48 BBsf Strong fallback.
SYN-LN-00111,A-,development_proxy,,0.65,development_assumption,FICTIONAL DEVELOPMENT: copied S&P symbol as Fitch IDR-equivalency proxy; no Fitch rating or Appendix 5 review. Assumed first-lien facility is senior secured loan with no issue recovery opinion; Netherlands Group 2; Fitch June 1 2026 Appendix 4 pp42-43 and Appendix 6 pp47-48 BBsf Strong fallback.
SYN-LN-00112,B,development_proxy,,0.65,development_assumption,FICTIONAL DEVELOPMENT: copied S&P symbol as Fitch IDR-equivalency proxy; no Fitch rating or Appendix 5 review. Assumed first-lien facility is senior secured loan with no issue recovery opinion; Luxembourg Group 2; Fitch June 1 2026 Appendix 4 pp42-43 and Appendix 6 pp47-48 BBsf Strong fallback.
SYN-LN-00113,B,development_proxy,,0.75,development_assumption,FICTIONAL DEVELOPMENT: copied S&P symbol as Fitch IDR-equivalency proxy; no Fitch rating or Appendix 5 review. Assumed first-lien facility is senior secured loan with no issue recovery opinion; United States Group 1; Fitch June 1 2026 Appendix 4 pp42-43 and Appendix 6 pp47-48 BBsf Strong fallback.
SYN-LN-00114,B,development_proxy,,0.65,development_assumption,FICTIONAL DEVELOPMENT: copied S&P symbol as Fitch IDR-equivalency proxy; no Fitch rating or Appendix 5 review. Assumed first-lien facility is senior secured loan with no issue recovery opinion; Netherlands Group 2; Fitch June 1 2026 Appendix 4 pp42-43 and Appendix 6 pp47-48 BBsf Strong fallback.
SYN-LN-00115,B+,development_proxy,,0.75,development_assumption,FICTIONAL DEVELOPMENT: copied S&P symbol as Fitch IDR-equivalency proxy; no Fitch rating or Appendix 5 review. Assumed first-lien facility is senior secured loan with no issue recovery opinion; United States Group 1; Fitch June 1 2026 Appendix 4 pp42-43 and Appendix 6 pp47-48 BBsf Strong fallback.
SYN-LN-00116,B,development_proxy,,0.75,development_assumption,FICTIONAL DEVELOPMENT: copied S&P symbol as Fitch IDR-equivalency proxy; no Fitch rating or Appendix 5 review. Assumed first-lien facility is senior secured loan with no issue recovery opinion; United States Group 1; Fitch June 1 2026 Appendix 4 pp42-43 and Appendix 6 pp47-48 BBsf Strong fallback.
SYN-LN-00117,B-,development_proxy,,0.75,development_assumption,FICTIONAL DEVELOPMENT: copied S&P symbol as Fitch IDR-equivalency proxy; no Fitch rating or Appendix 5 review. Assumed first-lien facility is senior secured loan with no issue recovery opinion; United States Group 1; Fitch June 1 2026 Appendix 4 pp42-43 and Appendix 6 pp47-48 BBsf Strong fallback.
SYN-LN-00118,B,development_proxy,,0.75,development_assumption,FICTIONAL DEVELOPMENT: copied S&P symbol as Fitch IDR-equivalency proxy; no Fitch rating or Appendix 5 review. Assumed first-lien facility is senior secured loan with no issue recovery opinion; United States Group 1; Fitch June 1 2026 Appendix 4 pp42-43 and Appendix 6 pp47-48 BBsf Strong fallback.
SYN-LN-00119,B+,development_proxy,,0.75,development_assumption,FICTIONAL DEVELOPMENT: copied S&P symbol as Fitch IDR-equivalency proxy; no Fitch rating or Appendix 5 review. Assumed first-lien facility is senior secured loan with no issue recovery opinion; United States Group 1; Fitch June 1 2026 Appendix 4 pp42-43 and Appendix 6 pp47-48 BBsf Strong fallback.
SYN-LN-00120,B+,development_proxy,,0.75,development_assumption,FICTIONAL DEVELOPMENT: copied S&P symbol as Fitch IDR-equivalency proxy; no Fitch rating or Appendix 5 review. Assumed first-lien facility is senior secured loan with no issue recovery opinion; United States Group 1; Fitch June 1 2026 Appendix 4 pp42-43 and Appendix 6 pp47-48 BBsf Strong fallback.
SYN-LN-00121,B,development_proxy,,0.75,development_assumption,FICTIONAL DEVELOPMENT: copied S&P symbol as Fitch IDR-equivalency proxy; no Fitch rating or Appendix 5 review. Assumed first-lien facility is senior secured loan with no issue recovery opinion; United States Group 1; Fitch June 1 2026 Appendix 4 pp42-43 and Appendix 6 pp47-48 BBsf Strong fallback.
SYN-LN-00122,B+,development_proxy,,,,FICTIONAL DEVELOPMENT: copied S&P symbol as Fitch IDR-equivalency proxy; no Fitch rating or Appendix 5 review.
SYN-LN-00123,B-,development_proxy,,0.75,development_assumption,FICTIONAL DEVELOPMENT: copied S&P symbol as Fitch IDR-equivalency proxy; no Fitch rating or Appendix 5 review. Assumed first-lien facility is senior secured loan with no issue recovery opinion; United States Group 1; Fitch June 1 2026 Appendix 4 pp42-43 and Appendix 6 pp47-48 BBsf Strong fallback.
SYN-LN-00124,B-,development_proxy,,0.75,development_assumption,FICTIONAL DEVELOPMENT: copied S&P symbol as Fitch IDR-equivalency proxy; no Fitch rating or Appendix 5 review. Assumed first-lien facility is senior secured loan with no issue recovery opinion; United States Group 1; Fitch June 1 2026 Appendix 4 pp42-43 and Appendix 6 pp47-48 BBsf Strong fallback.
SYN-LN-00125,BB-,development_proxy,,0.75,development_assumption,FICTIONAL DEVELOPMENT: copied S&P symbol as Fitch IDR-equivalency proxy; no Fitch rating or Appendix 5 review. Assumed first-lien facility is senior secured loan with no issue recovery opinion; United States Group 1; Fitch June 1 2026 Appendix 4 pp42-43 and Appendix 6 pp47-48 BBsf Strong fallback.
SYN-LN-00126,B-,development_proxy,,0.75,development_assumption,FICTIONAL DEVELOPMENT: copied S&P symbol as Fitch IDR-equivalency proxy; no Fitch rating or Appendix 5 review. Assumed first-lien facility is senior secured loan with no issue recovery opinion; United States Group 1; Fitch June 1 2026 Appendix 4 pp42-43 and Appendix 6 pp47-48 BBsf Strong fallback.
SYN-LN-00127,BB-,development_proxy,,0.75,development_assumption,FICTIONAL DEVELOPMENT: copied S&P symbol as Fitch IDR-equivalency proxy; no Fitch rating or Appendix 5 review. Assumed first-lien facility is senior secured loan with no issue recovery opinion; United States Group 1; Fitch June 1 2026 Appendix 4 pp42-43 and Appendix 6 pp47-48 BBsf Strong fallback.
SYN-LN-00128,B+,development_proxy,,0.75,development_assumption,FICTIONAL DEVELOPMENT: copied S&P symbol as Fitch IDR-equivalency proxy; no Fitch rating or Appendix 5 review. Assumed first-lien facility is senior secured loan with no issue recovery opinion; United States Group 1; Fitch June 1 2026 Appendix 4 pp42-43 and Appendix 6 pp47-48 BBsf Strong fallback.
SYN-LN-00129,BB-,development_proxy,,0.75,development_assumption,FICTIONAL DEVELOPMENT: copied S&P symbol as Fitch IDR-equivalency proxy; no Fitch rating or Appendix 5 review. Assumed first-lien facility is senior secured loan with no issue recovery opinion; United States Group 1; Fitch June 1 2026 Appendix 4 pp42-43 and Appendix 6 pp47-48 BBsf Strong fallback.
SYN-LN-00130,B+,development_proxy,,0.75,development_assumption,FICTIONAL DEVELOPMENT: copied S&P symbol as Fitch IDR-equivalency proxy; no Fitch rating or Appendix 5 review. Assumed first-lien facility is senior secured loan with no issue recovery opinion; United States Group 1; Fitch June 1 2026 Appendix 4 pp42-43 and Appendix 6 pp47-48 BBsf Strong fallback.
SYN-LN-00131,BB-,development_proxy,,0.75,development_assumption,FICTIONAL DEVELOPMENT: copied S&P symbol as Fitch IDR-equivalency proxy; no Fitch rating or Appendix 5 review. Assumed first-lien facility is senior secured loan with no issue recovery opinion; United States Group 1; Fitch June 1 2026 Appendix 4 pp42-43 and Appendix 6 pp47-48 BBsf Strong fallback.
SYN-LN-00132,B-,development_proxy,,0.75,development_assumption,FICTIONAL DEVELOPMENT: copied S&P symbol as Fitch IDR-equivalency proxy; no Fitch rating or Appendix 5 review. Assumed first-lien facility is senior secured loan with no issue recovery opinion; United States Group 1; Fitch June 1 2026 Appendix 4 pp42-43 and Appendix 6 pp47-48 BBsf Strong fallback.
SYN-LN-00133,B,development_proxy,,0.75,development_assumption,FICTIONAL DEVELOPMENT: copied S&P symbol as Fitch IDR-equivalency proxy; no Fitch rating or Appendix 5 review. Assumed first-lien facility is senior secured loan with no issue recovery opinion; United States Group 1; Fitch June 1 2026 Appendix 4 pp42-43 and Appendix 6 pp47-48 BBsf Strong fallback.
SYN-LN-00134,B+,development_proxy,,0.75,development_assumption,FICTIONAL DEVELOPMENT: copied S&P symbol as Fitch IDR-equivalency proxy; no Fitch rating or Appendix 5 review. Assumed first-lien facility is senior secured loan with no issue recovery opinion; United States Group 1; Fitch June 1 2026 Appendix 4 pp42-43 and Appendix 6 pp47-48 BBsf Strong fallback.
SYN-LN-00135,B,development_proxy,,0.75,development_assumption,FICTIONAL DEVELOPMENT: copied S&P symbol as Fitch IDR-equivalency proxy; no Fitch rating or Appendix 5 review. Assumed first-lien facility is senior secured loan with no issue recovery opinion; United States Group 1; Fitch June 1 2026 Appendix 4 pp42-43 and Appendix 6 pp47-48 BBsf Strong fallback.
SYN-LN-00136,B,development_proxy,,0.75,development_assumption,FICTIONAL DEVELOPMENT: copied S&P symbol as Fitch IDR-equivalency proxy; no Fitch rating or Appendix 5 review. Assumed first-lien facility is senior secured loan with no issue recovery opinion; United States Group 1; Fitch June 1 2026 Appendix 4 pp42-43 and Appendix 6 pp47-48 BBsf Strong fallback.
SYN-LN-00137,BB,development_proxy,,0.75,development_assumption,FICTIONAL DEVELOPMENT: copied S&P symbol as Fitch IDR-equivalency proxy; no Fitch rating or Appendix 5 review. Assumed first-lien facility is senior secured loan with no issue recovery opinion; United States Group 1; Fitch June 1 2026 Appendix 4 pp42-43 and Appendix 6 pp47-48 BBsf Strong fallback.
SYN-LN-00138,B,development_proxy,,0.75,development_assumption,FICTIONAL DEVELOPMENT: copied S&P symbol as Fitch IDR-equivalency proxy; no Fitch rating or Appendix 5 review. Assumed first-lien facility is senior secured loan with no issue recovery opinion; United States Group 1; Fitch June 1 2026 Appendix 4 pp42-43 and Appendix 6 pp47-48 BBsf Strong fallback.
SYN-LN-00139,B,development_proxy,,0.75,development_assumption,FICTIONAL DEVELOPMENT: copied S&P symbol as Fitch IDR-equivalency proxy; no Fitch rating or Appendix 5 review. Assumed first-lien facility is senior secured loan with no issue recovery opinion; United States Group 1; Fitch June 1 2026 Appendix 4 pp42-43 and Appendix 6 pp47-48 BBsf Strong fallback.
SYN-LN-00140,B+,development_proxy,,0.75,development_assumption,FICTIONAL DEVELOPMENT: copied S&P symbol as Fitch IDR-equivalency proxy; no Fitch rating or Appendix 5 review. Assumed first-lien facility is senior secured loan with no issue recovery opinion; United States Group 1; Fitch June 1 2026 Appendix 4 pp42-43 and Appendix 6 pp47-48 BBsf Strong fallback.
SYN-LN-00141,B,development_proxy,,0.75,development_assumption,FICTIONAL DEVELOPMENT: copied S&P symbol as Fitch IDR-equivalency proxy; no Fitch rating or Appendix 5 review. Assumed first-lien facility is senior secured loan with no issue recovery opinion; United States Group 1; Fitch June 1 2026 Appendix 4 pp42-43 and Appendix 6 pp47-48 BBsf Strong fallback.
SYN-LN-00142,BB-,development_proxy,,0.75,development_assumption,FICTIONAL DEVELOPMENT: copied S&P symbol as Fitch IDR-equivalency proxy; no Fitch rating or Appendix 5 review. Assumed first-lien facility is senior secured loan with no issue recovery opinion; United States Group 1; Fitch June 1 2026 Appendix 4 pp42-43 and Appendix 6 pp47-48 BBsf Strong fallback.
SYN-LN-00143,B,development_proxy,,0.75,development_assumption,FICTIONAL DEVELOPMENT: copied S&P symbol as Fitch IDR-equivalency proxy; no Fitch rating or Appendix 5 review. Assumed first-lien facility is senior secured loan with no issue recovery opinion; United States Group 1; Fitch June 1 2026 Appendix 4 pp42-43 and Appendix 6 pp47-48 BBsf Strong fallback.
SYN-LN-00144,BB+,development_proxy,,0.65,development_assumption,FICTIONAL DEVELOPMENT: copied S&P symbol as Fitch IDR-equivalency proxy; no Fitch rating or Appendix 5 review. Assumed first-lien facility is senior secured loan with no issue recovery opinion; Netherlands Group 2; Fitch June 1 2026 Appendix 4 pp42-43 and Appendix 6 pp47-48 BBsf Strong fallback.
SYN-LN-00145,B,development_proxy,,0.75,development_assumption,FICTIONAL DEVELOPMENT: copied S&P symbol as Fitch IDR-equivalency proxy; no Fitch rating or Appendix 5 review. Assumed first-lien facility is senior secured loan with no issue recovery opinion; United States Group 1; Fitch June 1 2026 Appendix 4 pp42-43 and Appendix 6 pp47-48 BBsf Strong fallback.
SYN-LN-00146,B+,development_proxy,,0.75,development_assumption,FICTIONAL DEVELOPMENT: copied S&P symbol as Fitch IDR-equivalency proxy; no Fitch rating or Appendix 5 review. Assumed first-lien facility is senior secured loan with no issue recovery opinion; United States Group 1; Fitch June 1 2026 Appendix 4 pp42-43 and Appendix 6 pp47-48 BBsf Strong fallback.
SYN-LN-00147,B-,development_proxy,,0.75,development_assumption,FICTIONAL DEVELOPMENT: copied S&P symbol as Fitch IDR-equivalency proxy; no Fitch rating or Appendix 5 review. Assumed first-lien facility is senior secured loan with no issue recovery opinion; United States Group 1; Fitch June 1 2026 Appendix 4 pp42-43 and Appendix 6 pp47-48 BBsf Strong fallback.
SYN-LN-00148,BBB,development_proxy,,0.65,development_assumption,FICTIONAL DEVELOPMENT: copied S&P symbol as Fitch IDR-equivalency proxy; no Fitch rating or Appendix 5 review. Assumed first-lien facility is senior secured loan with no issue recovery opinion; Austria Group 2; Fitch June 1 2026 Appendix 4 pp42-43 and Appendix 6 pp47-48 BBsf Strong fallback.
SYN-LN-00149,B,development_proxy,,0.75,development_assumption,FICTIONAL DEVELOPMENT: copied S&P symbol as Fitch IDR-equivalency proxy; no Fitch rating or Appendix 5 review. Assumed first-lien facility is senior secured loan with no issue recovery opinion; United States Group 1; Fitch June 1 2026 Appendix 4 pp42-43 and Appendix 6 pp47-48 BBsf Strong fallback.
SYN-LN-00150,B+,development_proxy,,0.75,development_assumption,FICTIONAL DEVELOPMENT: copied S&P symbol as Fitch IDR-equivalency proxy; no Fitch rating or Appendix 5 review. Assumed first-lien facility is senior secured loan with no issue recovery opinion; United States Group 1; Fitch June 1 2026 Appendix 4 pp42-43 and Appendix 6 pp47-48 BBsf Strong fallback.
SYN-LN-00151,B,development_proxy,,0.75,development_assumption,FICTIONAL DEVELOPMENT: copied S&P symbol as Fitch IDR-equivalency proxy; no Fitch rating or Appendix 5 review. Assumed first-lien facility is senior secured loan with no issue recovery opinion; United States Group 1; Fitch June 1 2026 Appendix 4 pp42-43 and Appendix 6 pp47-48 BBsf Strong fallback.
SYN-LN-00152,B,development_proxy,,0.75,development_assumption,FICTIONAL DEVELOPMENT: copied S&P symbol as Fitch IDR-equivalency proxy; no Fitch rating or Appendix 5 review. Assumed first-lien facility is senior secured loan with no issue recovery opinion; United States Group 1; Fitch June 1 2026 Appendix 4 pp42-43 and Appendix 6 pp47-48 BBsf Strong fallback.
SYN-LN-00153,B,development_proxy,,0.75,development_assumption,FICTIONAL DEVELOPMENT: copied S&P symbol as Fitch IDR-equivalency proxy; no Fitch rating or Appendix 5 review. Assumed first-lien facility is senior secured loan with no issue recovery opinion; United States Group 1; Fitch June 1 2026 Appendix 4 pp42-43 and Appendix 6 pp47-48 BBsf Strong fallback.
SYN-LN-00154,B-,development_proxy,,0.65,development_assumption,FICTIONAL DEVELOPMENT: copied S&P symbol as Fitch IDR-equivalency proxy; no Fitch rating or Appendix 5 review. Assumed first-lien facility is senior secured loan with no issue recovery opinion; United Kingdom Group 2; Fitch June 1 2026 Appendix 4 pp42-43 and Appendix 6 pp47-48 BBsf Strong fallback.
SYN-LN-00155,BB-,development_proxy,,0.75,development_assumption,FICTIONAL DEVELOPMENT: copied S&P symbol as Fitch IDR-equivalency proxy; no Fitch rating or Appendix 5 review. Assumed first-lien facility is senior secured loan with no issue recovery opinion; United States Group 1; Fitch June 1 2026 Appendix 4 pp42-43 and Appendix 6 pp47-48 BBsf Strong fallback.
SYN-LN-00156,B,development_proxy,,0.75,development_assumption,FICTIONAL DEVELOPMENT: copied S&P symbol as Fitch IDR-equivalency proxy; no Fitch rating or Appendix 5 review. Assumed first-lien facility is senior secured loan with no issue recovery opinion; United States Group 1; Fitch June 1 2026 Appendix 4 pp42-43 and Appendix 6 pp47-48 BBsf Strong fallback.
SYN-LN-00157,BB,development_proxy,,0.75,development_assumption,FICTIONAL DEVELOPMENT: copied S&P symbol as Fitch IDR-equivalency proxy; no Fitch rating or Appendix 5 review. Assumed first-lien facility is senior secured loan with no issue recovery opinion; United States Group 1; Fitch June 1 2026 Appendix 4 pp42-43 and Appendix 6 pp47-48 BBsf Strong fallback.
SYN-LN-00158,B,development_proxy,,0.65,development_assumption,FICTIONAL DEVELOPMENT: copied S&P symbol as Fitch IDR-equivalency proxy; no Fitch rating or Appendix 5 review. Assumed first-lien facility is senior secured loan with no issue recovery opinion; Netherlands Group 2; Fitch June 1 2026 Appendix 4 pp42-43 and Appendix 6 pp47-48 BBsf Strong fallback.
SYN-LN-00159,BB-,development_proxy,,0.75,development_assumption,FICTIONAL DEVELOPMENT: copied S&P symbol as Fitch IDR-equivalency proxy; no Fitch rating or Appendix 5 review. Assumed first-lien facility is senior secured loan with no issue recovery opinion; United States Group 1; Fitch June 1 2026 Appendix 4 pp42-43 and Appendix 6 pp47-48 BBsf Strong fallback.
SYN-LN-00160,B,development_proxy,,0.75,development_assumption,FICTIONAL DEVELOPMENT: copied S&P symbol as Fitch IDR-equivalency proxy; no Fitch rating or Appendix 5 review. Assumed first-lien facility is senior secured loan with no issue recovery opinion; United States Group 1; Fitch June 1 2026 Appendix 4 pp42-43 and Appendix 6 pp47-48 BBsf Strong fallback.
SYN-LN-00161,BB,development_proxy,,0.75,development_assumption,FICTIONAL DEVELOPMENT: copied S&P symbol as Fitch IDR-equivalency proxy; no Fitch rating or Appendix 5 review. Assumed first-lien facility is senior secured loan with no issue recovery opinion; United States Group 1; Fitch June 1 2026 Appendix 4 pp42-43 and Appendix 6 pp47-48 BBsf Strong fallback.
SYN-LN-00162,BB-,development_proxy,,0.75,development_assumption,FICTIONAL DEVELOPMENT: copied S&P symbol as Fitch IDR-equivalency proxy; no Fitch rating or Appendix 5 review. Assumed first-lien facility is senior secured loan with no issue recovery opinion; United States Group 1; Fitch June 1 2026 Appendix 4 pp42-43 and Appendix 6 pp47-48 BBsf Strong fallback.
SYN-LN-00163,BB,development_proxy,,0.75,development_assumption,FICTIONAL DEVELOPMENT: copied S&P symbol as Fitch IDR-equivalency proxy; no Fitch rating or Appendix 5 review. Assumed first-lien facility is senior secured loan with no issue recovery opinion; United States Group 1; Fitch June 1 2026 Appendix 4 pp42-43 and Appendix 6 pp47-48 BBsf Strong fallback.
SYN-LN-00164,B,development_proxy,,0.75,development_assumption,FICTIONAL DEVELOPMENT: copied S&P symbol as Fitch IDR-equivalency proxy; no Fitch rating or Appendix 5 review. Assumed first-lien facility is senior secured loan with no issue recovery opinion; United States Group 1; Fitch June 1 2026 Appendix 4 pp42-43 and Appendix 6 pp47-48 BBsf Strong fallback.
SYN-LN-00165,B,development_proxy,,0.75,development_assumption,FICTIONAL DEVELOPMENT: copied S&P symbol as Fitch IDR-equivalency proxy; no Fitch rating or Appendix 5 review. Assumed first-lien facility is senior secured loan with no issue recovery opinion; United States Group 1; Fitch June 1 2026 Appendix 4 pp42-43 and Appendix 6 pp47-48 BBsf Strong fallback.
SYN-LN-00166,B,development_proxy,,0.75,development_assumption,FICTIONAL DEVELOPMENT: copied S&P symbol as Fitch IDR-equivalency proxy; no Fitch rating or Appendix 5 review. Assumed first-lien facility is senior secured loan with no issue recovery opinion; United States Group 1; Fitch June 1 2026 Appendix 4 pp42-43 and Appendix 6 pp47-48 BBsf Strong fallback.
SYN-LN-00167,B,development_proxy,,0.75,development_assumption,FICTIONAL DEVELOPMENT: copied S&P symbol as Fitch IDR-equivalency proxy; no Fitch rating or Appendix 5 review. Assumed first-lien facility is senior secured loan with no issue recovery opinion; United States Group 1; Fitch June 1 2026 Appendix 4 pp42-43 and Appendix 6 pp47-48 BBsf Strong fallback.
SYN-LN-00168,BB-,development_proxy,,0.65,development_assumption,FICTIONAL DEVELOPMENT: copied S&P symbol as Fitch IDR-equivalency proxy; no Fitch rating or Appendix 5 review. Assumed first-lien facility is senior secured loan with no issue recovery opinion; Luxembourg Group 2; Fitch June 1 2026 Appendix 4 pp42-43 and Appendix 6 pp47-48 BBsf Strong fallback.
SYN-LN-00169,B+,development_proxy,,0.75,development_assumption,FICTIONAL DEVELOPMENT: copied S&P symbol as Fitch IDR-equivalency proxy; no Fitch rating or Appendix 5 review. Assumed first-lien facility is senior secured loan with no issue recovery opinion; United States Group 1; Fitch June 1 2026 Appendix 4 pp42-43 and Appendix 6 pp47-48 BBsf Strong fallback.
SYN-LN-00170,B+,development_proxy,,0.75,development_assumption,FICTIONAL DEVELOPMENT: copied S&P symbol as Fitch IDR-equivalency proxy; no Fitch rating or Appendix 5 review. Assumed first-lien facility is senior secured loan with no issue recovery opinion; United States Group 1; Fitch June 1 2026 Appendix 4 pp42-43 and Appendix 6 pp47-48 BBsf Strong fallback.
SYN-LN-00171,B-,development_proxy,,0.75,development_assumption,FICTIONAL DEVELOPMENT: copied S&P symbol as Fitch IDR-equivalency proxy; no Fitch rating or Appendix 5 review. Assumed first-lien facility is senior secured loan with no issue recovery opinion; United States Group 1; Fitch June 1 2026 Appendix 4 pp42-43 and Appendix 6 pp47-48 BBsf Strong fallback.
SYN-LN-00172,B-,development_proxy,,0.75,development_assumption,FICTIONAL DEVELOPMENT: copied S&P symbol as Fitch IDR-equivalency proxy; no Fitch rating or Appendix 5 review. Assumed first-lien facility is senior secured loan with no issue recovery opinion; United States Group 1; Fitch June 1 2026 Appendix 4 pp42-43 and Appendix 6 pp47-48 BBsf Strong fallback.
SYN-LN-00173,B,development_proxy,,0.75,development_assumption,FICTIONAL DEVELOPMENT: copied S&P symbol as Fitch IDR-equivalency proxy; no Fitch rating or Appendix 5 review. Assumed first-lien facility is senior secured loan with no issue recovery opinion; United States Group 1; Fitch June 1 2026 Appendix 4 pp42-43 and Appendix 6 pp47-48 BBsf Strong fallback.
SYN-LN-00174,B-,development_proxy,,0.75,development_assumption,FICTIONAL DEVELOPMENT: copied S&P symbol as Fitch IDR-equivalency proxy; no Fitch rating or Appendix 5 review. Assumed first-lien facility is senior secured loan with no issue recovery opinion; United States Group 1; Fitch June 1 2026 Appendix 4 pp42-43 and Appendix 6 pp47-48 BBsf Strong fallback.
SYN-LN-00175,B+,development_proxy,,0.75,development_assumption,FICTIONAL DEVELOPMENT: copied S&P symbol as Fitch IDR-equivalency proxy; no Fitch rating or Appendix 5 review. Assumed first-lien facility is senior secured loan with no issue recovery opinion; United States Group 1; Fitch June 1 2026 Appendix 4 pp42-43 and Appendix 6 pp47-48 BBsf Strong fallback.
SYN-LN-00176,B,development_proxy,,0.75,development_assumption,FICTIONAL DEVELOPMENT: copied S&P symbol as Fitch IDR-equivalency proxy; no Fitch rating or Appendix 5 review. Assumed first-lien facility is senior secured loan with no issue recovery opinion; United States Group 1; Fitch June 1 2026 Appendix 4 pp42-43 and Appendix 6 pp47-48 BBsf Strong fallback.
SYN-LN-00177,B+,development_proxy,,0.75,development_assumption,FICTIONAL DEVELOPMENT: copied S&P symbol as Fitch IDR-equivalency proxy; no Fitch rating or Appendix 5 review. Assumed first-lien facility is senior secured loan with no issue recovery opinion; United States Group 1; Fitch June 1 2026 Appendix 4 pp42-43 and Appendix 6 pp47-48 BBsf Strong fallback.
SYN-LN-00178,BB,development_proxy,,0.75,development_assumption,FICTIONAL DEVELOPMENT: copied S&P symbol as Fitch IDR-equivalency proxy; no Fitch rating or Appendix 5 review. Assumed first-lien facility is senior secured loan with no issue recovery opinion; United States Group 1; Fitch June 1 2026 Appendix 4 pp42-43 and Appendix 6 pp47-48 BBsf Strong fallback.
SYN-LN-00179,B-,development_proxy,,0.75,development_assumption,FICTIONAL DEVELOPMENT: copied S&P symbol as Fitch IDR-equivalency proxy; no Fitch rating or Appendix 5 review. Assumed first-lien facility is senior secured loan with no issue recovery opinion; United States Group 1; Fitch June 1 2026 Appendix 4 pp42-43 and Appendix 6 pp47-48 BBsf Strong fallback.
SYN-LN-00180,BBB+,development_proxy,,0.65,development_assumption,FICTIONAL DEVELOPMENT: copied S&P symbol as Fitch IDR-equivalency proxy; no Fitch rating or Appendix 5 review. Assumed first-lien facility is senior secured loan with no issue recovery opinion; United Kingdom Group 2; Fitch June 1 2026 Appendix 4 pp42-43 and Appendix 6 pp47-48 BBsf Strong fallback.
SYN-LN-00181,B,development_proxy,,0.75,development_assumption,FICTIONAL DEVELOPMENT: copied S&P symbol as Fitch IDR-equivalency proxy; no Fitch rating or Appendix 5 review. Assumed first-lien facility is senior secured loan with no issue recovery opinion; United States Group 1; Fitch June 1 2026 Appendix 4 pp42-43 and Appendix 6 pp47-48 BBsf Strong fallback.
SYN-LN-00182,B+,development_proxy,,0.75,development_assumption,FICTIONAL DEVELOPMENT: copied S&P symbol as Fitch IDR-equivalency proxy; no Fitch rating or Appendix 5 review. Assumed first-lien facility is senior secured loan with no issue recovery opinion; United States Group 1; Fitch June 1 2026 Appendix 4 pp42-43 and Appendix 6 pp47-48 BBsf Strong fallback.
SYN-LN-00183,B+,development_proxy,,0.75,development_assumption,FICTIONAL DEVELOPMENT: copied S&P symbol as Fitch IDR-equivalency proxy; no Fitch rating or Appendix 5 review. Assumed first-lien facility is senior secured loan with no issue recovery opinion; United States Group 1; Fitch June 1 2026 Appendix 4 pp42-43 and Appendix 6 pp47-48 BBsf Strong fallback.
SYN-LN-00184,BB-,development_proxy,,0.75,development_assumption,FICTIONAL DEVELOPMENT: copied S&P symbol as Fitch IDR-equivalency proxy; no Fitch rating or Appendix 5 review. Assumed first-lien facility is senior secured loan with no issue recovery opinion; United States Group 1; Fitch June 1 2026 Appendix 4 pp42-43 and Appendix 6 pp47-48 BBsf Strong fallback.
SYN-LN-00185,BBB-,development_proxy,,0.75,development_assumption,FICTIONAL DEVELOPMENT: copied S&P symbol as Fitch IDR-equivalency proxy; no Fitch rating or Appendix 5 review. Assumed first-lien facility is senior secured loan with no issue recovery opinion; Canada Group 1; Fitch June 1 2026 Appendix 4 pp42-43 and Appendix 6 pp47-48 BBsf Strong fallback.
SYN-LN-00186,B+,development_proxy,,0.75,development_assumption,FICTIONAL DEVELOPMENT: copied S&P symbol as Fitch IDR-equivalency proxy; no Fitch rating or Appendix 5 review. Assumed first-lien facility is senior secured loan with no issue recovery opinion; United States Group 1; Fitch June 1 2026 Appendix 4 pp42-43 and Appendix 6 pp47-48 BBsf Strong fallback.
SYN-LN-00187,B,development_proxy,,0.75,development_assumption,FICTIONAL DEVELOPMENT: copied S&P symbol as Fitch IDR-equivalency proxy; no Fitch rating or Appendix 5 review. Assumed first-lien facility is senior secured loan with no issue recovery opinion; United States Group 1; Fitch June 1 2026 Appendix 4 pp42-43 and Appendix 6 pp47-48 BBsf Strong fallback.
SYN-LN-00188,BB-,development_proxy,,0.75,development_assumption,FICTIONAL DEVELOPMENT: copied S&P symbol as Fitch IDR-equivalency proxy; no Fitch rating or Appendix 5 review. Assumed first-lien facility is senior secured loan with no issue recovery opinion; United States Group 1; Fitch June 1 2026 Appendix 4 pp42-43 and Appendix 6 pp47-48 BBsf Strong fallback.
SYN-LN-00189,B-,development_proxy,,0.75,development_assumption,FICTIONAL DEVELOPMENT: copied S&P symbol as Fitch IDR-equivalency proxy; no Fitch rating or Appendix 5 review. Assumed first-lien facility is senior secured loan with no issue recovery opinion; United States Group 1; Fitch June 1 2026 Appendix 4 pp42-43 and Appendix 6 pp47-48 BBsf Strong fallback.
SYN-LN-00190,B,development_proxy,,0.75,development_assumption,FICTIONAL DEVELOPMENT: copied S&P symbol as Fitch IDR-equivalency proxy; no Fitch rating or Appendix 5 review. Assumed first-lien facility is senior secured loan with no issue recovery opinion; United States Group 1; Fitch June 1 2026 Appendix 4 pp42-43 and Appendix 6 pp47-48 BBsf Strong fallback.
SYN-LN-00191,B-,development_proxy,,0.75,development_assumption,FICTIONAL DEVELOPMENT: copied S&P symbol as Fitch IDR-equivalency proxy; no Fitch rating or Appendix 5 review. Assumed first-lien facility is senior secured loan with no issue recovery opinion; United States Group 1; Fitch June 1 2026 Appendix 4 pp42-43 and Appendix 6 pp47-48 BBsf Strong fallback.
SYN-LN-00192,BB+,development_proxy,,0.65,development_assumption,FICTIONAL DEVELOPMENT: copied S&P symbol as Fitch IDR-equivalency proxy; no Fitch rating or Appendix 5 review. Assumed first-lien facility is senior secured loan with no issue recovery opinion; United Kingdom Group 2; Fitch June 1 2026 Appendix 4 pp42-43 and Appendix 6 pp47-48 BBsf Strong fallback.
SYN-LN-00193,B,development_proxy,,0.75,development_assumption,FICTIONAL DEVELOPMENT: copied S&P symbol as Fitch IDR-equivalency proxy; no Fitch rating or Appendix 5 review. Assumed first-lien facility is senior secured loan with no issue recovery opinion; United States Group 1; Fitch June 1 2026 Appendix 4 pp42-43 and Appendix 6 pp47-48 BBsf Strong fallback.
SYN-LN-00194,B,development_proxy,,0.75,development_assumption,FICTIONAL DEVELOPMENT: copied S&P symbol as Fitch IDR-equivalency proxy; no Fitch rating or Appendix 5 review. Assumed first-lien facility is senior secured loan with no issue recovery opinion; United States Group 1; Fitch June 1 2026 Appendix 4 pp42-43 and Appendix 6 pp47-48 BBsf Strong fallback.
SYN-LN-00195,B,development_proxy,,0.75,development_assumption,FICTIONAL DEVELOPMENT: copied S&P symbol as Fitch IDR-equivalency proxy; no Fitch rating or Appendix 5 review. Assumed first-lien facility is senior secured loan with no issue recovery opinion; United States Group 1; Fitch June 1 2026 Appendix 4 pp42-43 and Appendix 6 pp47-48 BBsf Strong fallback.
SYN-LN-00196,B+,development_proxy,,0.75,development_assumption,FICTIONAL DEVELOPMENT: copied S&P symbol as Fitch IDR-equivalency proxy; no Fitch rating or Appendix 5 review. Assumed first-lien facility is senior secured loan with no issue recovery opinion; United States Group 1; Fitch June 1 2026 Appendix 4 pp42-43 and Appendix 6 pp47-48 BBsf Strong fallback.
SYN-LN-00197,B+,development_proxy,,0.75,development_assumption,FICTIONAL DEVELOPMENT: copied S&P symbol as Fitch IDR-equivalency proxy; no Fitch rating or Appendix 5 review. Assumed first-lien facility is senior secured loan with no issue recovery opinion; United States Group 1; Fitch June 1 2026 Appendix 4 pp42-43 and Appendix 6 pp47-48 BBsf Strong fallback.
SYN-LN-00198,BB-,development_proxy,,0.75,development_assumption,FICTIONAL DEVELOPMENT: copied S&P symbol as Fitch IDR-equivalency proxy; no Fitch rating or Appendix 5 review. Assumed first-lien facility is senior secured loan with no issue recovery opinion; United States Group 1; Fitch June 1 2026 Appendix 4 pp42-43 and Appendix 6 pp47-48 BBsf Strong fallback.
SYN-LN-00199,B-,development_proxy,,0.75,development_assumption,FICTIONAL DEVELOPMENT: copied S&P symbol as Fitch IDR-equivalency proxy; no Fitch rating or Appendix 5 review. Assumed first-lien facility is senior secured loan with no issue recovery opinion; United States Group 1; Fitch June 1 2026 Appendix 4 pp42-43 and Appendix 6 pp47-48 BBsf Strong fallback.
SYN-LN-00200,B+,development_proxy,,0.75,development_assumption,FICTIONAL DEVELOPMENT: copied S&P symbol as Fitch IDR-equivalency proxy; no Fitch rating or Appendix 5 review. Assumed first-lien facility is senior secured loan with no issue recovery opinion; United States Group 1; Fitch June 1 2026 Appendix 4 pp42-43 and Appendix 6 pp47-48 BBsf Strong fallback.
SYN-LN-00201,B-,development_proxy,,0.75,development_assumption,FICTIONAL DEVELOPMENT: copied S&P symbol as Fitch IDR-equivalency proxy; no Fitch rating or Appendix 5 review. Assumed first-lien facility is senior secured loan with no issue recovery opinion; United States Group 1; Fitch June 1 2026 Appendix 4 pp42-43 and Appendix 6 pp47-48 BBsf Strong fallback.
SYN-LN-00202,BB-,development_proxy,,0.75,development_assumption,FICTIONAL DEVELOPMENT: copied S&P symbol as Fitch IDR-equivalency proxy; no Fitch rating or Appendix 5 review. Assumed first-lien facility is senior secured loan with no issue recovery opinion; United States Group 1; Fitch June 1 2026 Appendix 4 pp42-43 and Appendix 6 pp47-48 BBsf Strong fallback.
SYN-LN-00203,B-,development_proxy,,0.75,development_assumption,FICTIONAL DEVELOPMENT: copied S&P symbol as Fitch IDR-equivalency proxy; no Fitch rating or Appendix 5 review. Assumed first-lien facility is senior secured loan with no issue recovery opinion; United States Group 1; Fitch June 1 2026 Appendix 4 pp42-43 and Appendix 6 pp47-48 BBsf Strong fallback.
SYN-LN-00204,B-,development_proxy,,0.75,development_assumption,FICTIONAL DEVELOPMENT: copied S&P symbol as Fitch IDR-equivalency proxy; no Fitch rating or Appendix 5 review. Assumed first-lien facility is senior secured loan with no issue recovery opinion; United States Group 1; Fitch June 1 2026 Appendix 4 pp42-43 and Appendix 6 pp47-48 BBsf Strong fallback.
SYN-LN-00205,B,development_proxy,,0.75,development_assumption,FICTIONAL DEVELOPMENT: copied S&P symbol as Fitch IDR-equivalency proxy; no Fitch rating or Appendix 5 review. Assumed first-lien facility is senior secured loan with no issue recovery opinion; United States Group 1; Fitch June 1 2026 Appendix 4 pp42-43 and Appendix 6 pp47-48 BBsf Strong fallback.
SYN-LN-00206,B-,development_proxy,,0.75,development_assumption,FICTIONAL DEVELOPMENT: copied S&P symbol as Fitch IDR-equivalency proxy; no Fitch rating or Appendix 5 review. Assumed first-lien facility is senior secured loan with no issue recovery opinion; United States Group 1; Fitch June 1 2026 Appendix 4 pp42-43 and Appendix 6 pp47-48 BBsf Strong fallback.
SYN-LN-00207,BB,development_proxy,,0.75,development_assumption,FICTIONAL DEVELOPMENT: copied S&P symbol as Fitch IDR-equivalency proxy; no Fitch rating or Appendix 5 review. Assumed first-lien facility is senior secured loan with no issue recovery opinion; United States Group 1; Fitch June 1 2026 Appendix 4 pp42-43 and Appendix 6 pp47-48 BBsf Strong fallback.
SYN-LN-00208,B,development_proxy,,,,FICTIONAL DEVELOPMENT: copied S&P symbol as Fitch IDR-equivalency proxy; no Fitch rating or Appendix 5 review.
SYN-LN-00209,B,development_proxy,,0.75,development_assumption,FICTIONAL DEVELOPMENT: copied S&P symbol as Fitch IDR-equivalency proxy; no Fitch rating or Appendix 5 review. Assumed first-lien facility is senior secured loan with no issue recovery opinion; United States Group 1; Fitch June 1 2026 Appendix 4 pp42-43 and Appendix 6 pp47-48 BBsf Strong fallback.
SYN-LN-00210,BB,development_proxy,,0.75,development_assumption,FICTIONAL DEVELOPMENT: copied S&P symbol as Fitch IDR-equivalency proxy; no Fitch rating or Appendix 5 review. Assumed first-lien facility is senior secured loan with no issue recovery opinion; Canada Group 1; Fitch June 1 2026 Appendix 4 pp42-43 and Appendix 6 pp47-48 BBsf Strong fallback.
SYN-LN-00211,B,development_proxy,,0.75,development_assumption,FICTIONAL DEVELOPMENT: copied S&P symbol as Fitch IDR-equivalency proxy; no Fitch rating or Appendix 5 review. Assumed first-lien facility is senior secured loan with no issue recovery opinion; United States Group 1; Fitch June 1 2026 Appendix 4 pp42-43 and Appendix 6 pp47-48 BBsf Strong fallback.
SYN-LN-00212,BB,development_proxy,,0.75,development_assumption,FICTIONAL DEVELOPMENT: copied S&P symbol as Fitch IDR-equivalency proxy; no Fitch rating or Appendix 5 review. Assumed first-lien facility is senior secured loan with no issue recovery opinion; United States Group 1; Fitch June 1 2026 Appendix 4 pp42-43 and Appendix 6 pp47-48 BBsf Strong fallback.
SYN-LN-00213,B-,development_proxy,,0.75,development_assumption,FICTIONAL DEVELOPMENT: copied S&P symbol as Fitch IDR-equivalency proxy; no Fitch rating or Appendix 5 review. Assumed first-lien facility is senior secured loan with no issue recovery opinion; Canada Group 1; Fitch June 1 2026 Appendix 4 pp42-43 and Appendix 6 pp47-48 BBsf Strong fallback.
SYN-LN-00214,B,development_proxy,,0.65,development_assumption,FICTIONAL DEVELOPMENT: copied S&P symbol as Fitch IDR-equivalency proxy; no Fitch rating or Appendix 5 review. Assumed first-lien facility is senior secured loan with no issue recovery opinion; Luxembourg Group 2; Fitch June 1 2026 Appendix 4 pp42-43 and Appendix 6 pp47-48 BBsf Strong fallback.
SYN-LN-00215,BB+,development_proxy,,0.75,development_assumption,FICTIONAL DEVELOPMENT: copied S&P symbol as Fitch IDR-equivalency proxy; no Fitch rating or Appendix 5 review. Assumed first-lien facility is senior secured loan with no issue recovery opinion; United States Group 1; Fitch June 1 2026 Appendix 4 pp42-43 and Appendix 6 pp47-48 BBsf Strong fallback.
SYN-LN-00216,B+,development_proxy,,,,FICTIONAL DEVELOPMENT: copied S&P symbol as Fitch IDR-equivalency proxy; no Fitch rating or Appendix 5 review.
SYN-LN-00217,B+,development_proxy,,0.75,development_assumption,FICTIONAL DEVELOPMENT: copied S&P symbol as Fitch IDR-equivalency proxy; no Fitch rating or Appendix 5 review. Assumed first-lien facility is senior secured loan with no issue recovery opinion; United States Group 1; Fitch June 1 2026 Appendix 4 pp42-43 and Appendix 6 pp47-48 BBsf Strong fallback.
SYN-LN-00218,BB+,development_proxy,,0.75,development_assumption,FICTIONAL DEVELOPMENT: copied S&P symbol as Fitch IDR-equivalency proxy; no Fitch rating or Appendix 5 review. Assumed first-lien facility is senior secured loan with no issue recovery opinion; United States Group 1; Fitch June 1 2026 Appendix 4 pp42-43 and Appendix 6 pp47-48 BBsf Strong fallback.
SYN-LN-00219,B-,development_proxy,,0.75,development_assumption,FICTIONAL DEVELOPMENT: copied S&P symbol as Fitch IDR-equivalency proxy; no Fitch rating or Appendix 5 review. Assumed first-lien facility is senior secured loan with no issue recovery opinion; United States Group 1; Fitch June 1 2026 Appendix 4 pp42-43 and Appendix 6 pp47-48 BBsf Strong fallback.
SYN-LN-00220,B-,development_proxy,,0.75,development_assumption,FICTIONAL DEVELOPMENT: copied S&P symbol as Fitch IDR-equivalency proxy; no Fitch rating or Appendix 5 review. Assumed first-lien facility is senior secured loan with no issue recovery opinion; United States Group 1; Fitch June 1 2026 Appendix 4 pp42-43 and Appendix 6 pp47-48 BBsf Strong fallback.
SYN-LN-00221,BBB+,development_proxy,,0.75,development_assumption,FICTIONAL DEVELOPMENT: copied S&P symbol as Fitch IDR-equivalency proxy; no Fitch rating or Appendix 5 review. Assumed first-lien facility is senior secured loan with no issue recovery opinion; Canada Group 1; Fitch June 1 2026 Appendix 4 pp42-43 and Appendix 6 pp47-48 BBsf Strong fallback.
SYN-LN-00222,BB-,development_proxy,,0.75,development_assumption,FICTIONAL DEVELOPMENT: copied S&P symbol as Fitch IDR-equivalency proxy; no Fitch rating or Appendix 5 review. Assumed first-lien facility is senior secured loan with no issue recovery opinion; United States Group 1; Fitch June 1 2026 Appendix 4 pp42-43 and Appendix 6 pp47-48 BBsf Strong fallback.
SYN-LN-00223,B,development_proxy,,0.75,development_assumption,FICTIONAL DEVELOPMENT: copied S&P symbol as Fitch IDR-equivalency proxy; no Fitch rating or Appendix 5 review. Assumed first-lien facility is senior secured loan with no issue recovery opinion; United States Group 1; Fitch June 1 2026 Appendix 4 pp42-43 and Appendix 6 pp47-48 BBsf Strong fallback.
SYN-LN-00224,BB-,development_proxy,,0.75,development_assumption,FICTIONAL DEVELOPMENT: copied S&P symbol as Fitch IDR-equivalency proxy; no Fitch rating or Appendix 5 review. Assumed first-lien facility is senior secured loan with no issue recovery opinion; United States Group 1; Fitch June 1 2026 Appendix 4 pp42-43 and Appendix 6 pp47-48 BBsf Strong fallback.
SYN-LN-00225,B,development_proxy,,0.75,development_assumption,FICTIONAL DEVELOPMENT: copied S&P symbol as Fitch IDR-equivalency proxy; no Fitch rating or Appendix 5 review. Assumed first-lien facility is senior secured loan with no issue recovery opinion; United States Group 1; Fitch June 1 2026 Appendix 4 pp42-43 and Appendix 6 pp47-48 BBsf Strong fallback.
SYN-LN-00226,B,development_proxy,,0.75,development_assumption,FICTIONAL DEVELOPMENT: copied S&P symbol as Fitch IDR-equivalency proxy; no Fitch rating or Appendix 5 review. Assumed first-lien facility is senior secured loan with no issue recovery opinion; United States Group 1; Fitch June 1 2026 Appendix 4 pp42-43 and Appendix 6 pp47-48 BBsf Strong fallback.
SYN-LN-00227,B+,development_proxy,,0.75,development_assumption,FICTIONAL DEVELOPMENT: copied S&P symbol as Fitch IDR-equivalency proxy; no Fitch rating or Appendix 5 review. Assumed first-lien facility is senior secured loan with no issue recovery opinion; United States Group 1; Fitch June 1 2026 Appendix 4 pp42-43 and Appendix 6 pp47-48 BBsf Strong fallback.
SYN-LN-00228,B-,development_proxy,,0.75,development_assumption,FICTIONAL DEVELOPMENT: copied S&P symbol as Fitch IDR-equivalency proxy; no Fitch rating or Appendix 5 review. Assumed first-lien facility is senior secured loan with no issue recovery opinion; United States Group 1; Fitch June 1 2026 Appendix 4 pp42-43 and Appendix 6 pp47-48 BBsf Strong fallback.
SYN-LN-00229,B-,development_proxy,,0.75,development_assumption,FICTIONAL DEVELOPMENT: copied S&P symbol as Fitch IDR-equivalency proxy; no Fitch rating or Appendix 5 review. Assumed first-lien facility is senior secured loan with no issue recovery opinion; United States Group 1; Fitch June 1 2026 Appendix 4 pp42-43 and Appendix 6 pp47-48 BBsf Strong fallback.
SYN-LN-00230,BB,development_proxy,,0.65,development_assumption,FICTIONAL DEVELOPMENT: copied S&P symbol as Fitch IDR-equivalency proxy; no Fitch rating or Appendix 5 review. Assumed first-lien facility is senior secured loan with no issue recovery opinion; United Kingdom Group 2; Fitch June 1 2026 Appendix 4 pp42-43 and Appendix 6 pp47-48 BBsf Strong fallback.
SYN-LN-00231,B-,development_proxy,,0.75,development_assumption,FICTIONAL DEVELOPMENT: copied S&P symbol as Fitch IDR-equivalency proxy; no Fitch rating or Appendix 5 review. Assumed first-lien facility is senior secured loan with no issue recovery opinion; United States Group 1; Fitch June 1 2026 Appendix 4 pp42-43 and Appendix 6 pp47-48 BBsf Strong fallback.
SYN-LN-00232,BB-,development_proxy,,0.75,development_assumption,FICTIONAL DEVELOPMENT: copied S&P symbol as Fitch IDR-equivalency proxy; no Fitch rating or Appendix 5 review. Assumed first-lien facility is senior secured loan with no issue recovery opinion; United States Group 1; Fitch June 1 2026 Appendix 4 pp42-43 and Appendix 6 pp47-48 BBsf Strong fallback.
SYN-LN-00233,BB-,development_proxy,,0.75,development_assumption,FICTIONAL DEVELOPMENT: copied S&P symbol as Fitch IDR-equivalency proxy; no Fitch rating or Appendix 5 review. Assumed first-lien facility is senior secured loan with no issue recovery opinion; United States Group 1; Fitch June 1 2026 Appendix 4 pp42-43 and Appendix 6 pp47-48 BBsf Strong fallback.
SYN-LN-00234,BB-,development_proxy,,0.65,development_assumption,FICTIONAL DEVELOPMENT: copied S&P symbol as Fitch IDR-equivalency proxy; no Fitch rating or Appendix 5 review. Assumed first-lien facility is senior secured loan with no issue recovery opinion; United Kingdom Group 2; Fitch June 1 2026 Appendix 4 pp42-43 and Appendix 6 pp47-48 BBsf Strong fallback.
SYN-LN-00235,B,development_proxy,,0.75,development_assumption,FICTIONAL DEVELOPMENT: copied S&P symbol as Fitch IDR-equivalency proxy; no Fitch rating or Appendix 5 review. Assumed first-lien facility is senior secured loan with no issue recovery opinion; United States Group 1; Fitch June 1 2026 Appendix 4 pp42-43 and Appendix 6 pp47-48 BBsf Strong fallback.
SYN-LN-00236,BB+,development_proxy,,0.75,development_assumption,FICTIONAL DEVELOPMENT: copied S&P symbol as Fitch IDR-equivalency proxy; no Fitch rating or Appendix 5 review. Assumed first-lien facility is senior secured loan with no issue recovery opinion; United States Group 1; Fitch June 1 2026 Appendix 4 pp42-43 and Appendix 6 pp47-48 BBsf Strong fallback.
SYN-LN-00237,BB-,development_proxy,,0.75,development_assumption,FICTIONAL DEVELOPMENT: copied S&P symbol as Fitch IDR-equivalency proxy; no Fitch rating or Appendix 5 review. Assumed first-lien facility is senior secured loan with no issue recovery opinion; United States Group 1; Fitch June 1 2026 Appendix 4 pp42-43 and Appendix 6 pp47-48 BBsf Strong fallback.
SYN-LN-00238,B+,development_proxy,,0.75,development_assumption,FICTIONAL DEVELOPMENT: copied S&P symbol as Fitch IDR-equivalency proxy; no Fitch rating or Appendix 5 review. Assumed first-lien facility is senior secured loan with no issue recovery opinion; United States Group 1; Fitch June 1 2026 Appendix 4 pp42-43 and Appendix 6 pp47-48 BBsf Strong fallback.
SYN-LN-00239,BBB-,development_proxy,,0.65,development_assumption,FICTIONAL DEVELOPMENT: copied S&P symbol as Fitch IDR-equivalency proxy; no Fitch rating or Appendix 5 review. Assumed first-lien facility is senior secured loan with no issue recovery opinion; Ireland Group 2; Fitch June 1 2026 Appendix 4 pp42-43 and Appendix 6 pp47-48 BBsf Strong fallback.
SYN-LN-00240,B,development_proxy,,0.75,development_assumption,FICTIONAL DEVELOPMENT: copied S&P symbol as Fitch IDR-equivalency proxy; no Fitch rating or Appendix 5 review. Assumed first-lien facility is senior secured loan with no issue recovery opinion; United States Group 1; Fitch June 1 2026 Appendix 4 pp42-43 and Appendix 6 pp47-48 BBsf Strong fallback.
SYN-LN-00241,B,development_proxy,,0.75,development_assumption,FICTIONAL DEVELOPMENT: copied S&P symbol as Fitch IDR-equivalency proxy; no Fitch rating or Appendix 5 review. Assumed first-lien facility is senior secured loan with no issue recovery opinion; United States Group 1; Fitch June 1 2026 Appendix 4 pp42-43 and Appendix 6 pp47-48 BBsf Strong fallback.
SYN-LN-00242,B,development_proxy,,0.75,development_assumption,FICTIONAL DEVELOPMENT: copied S&P symbol as Fitch IDR-equivalency proxy; no Fitch rating or Appendix 5 review. Assumed first-lien facility is senior secured loan with no issue recovery opinion; United States Group 1; Fitch June 1 2026 Appendix 4 pp42-43 and Appendix 6 pp47-48 BBsf Strong fallback.
SYN-LN-00243,B-,development_proxy,,0.75,development_assumption,FICTIONAL DEVELOPMENT: copied S&P symbol as Fitch IDR-equivalency proxy; no Fitch rating or Appendix 5 review. Assumed first-lien facility is senior secured loan with no issue recovery opinion; United States Group 1; Fitch June 1 2026 Appendix 4 pp42-43 and Appendix 6 pp47-48 BBsf Strong fallback.
SYN-LN-00244,B-,development_proxy,,0.75,development_assumption,FICTIONAL DEVELOPMENT: copied S&P symbol as Fitch IDR-equivalency proxy; no Fitch rating or Appendix 5 review. Assumed first-lien facility is senior secured loan with no issue recovery opinion; United States Group 1; Fitch June 1 2026 Appendix 4 pp42-43 and Appendix 6 pp47-48 BBsf Strong fallback.
SYN-LN-00245,BB+,development_proxy,,0.75,development_assumption,FICTIONAL DEVELOPMENT: copied S&P symbol as Fitch IDR-equivalency proxy; no Fitch rating or Appendix 5 review. Assumed first-lien facility is senior secured loan with no issue recovery opinion; United States Group 1; Fitch June 1 2026 Appendix 4 pp42-43 and Appendix 6 pp47-48 BBsf Strong fallback.
SYN-LN-00246,B,development_proxy,,0.75,development_assumption,FICTIONAL DEVELOPMENT: copied S&P symbol as Fitch IDR-equivalency proxy; no Fitch rating or Appendix 5 review. Assumed first-lien facility is senior secured loan with no issue recovery opinion; United States Group 1; Fitch June 1 2026 Appendix 4 pp42-43 and Appendix 6 pp47-48 BBsf Strong fallback.
SYN-LN-00247,B,development_proxy,,0.75,development_assumption,FICTIONAL DEVELOPMENT: copied S&P symbol as Fitch IDR-equivalency proxy; no Fitch rating or Appendix 5 review. Assumed first-lien facility is senior secured loan with no issue recovery opinion; United States Group 1; Fitch June 1 2026 Appendix 4 pp42-43 and Appendix 6 pp47-48 BBsf Strong fallback.
SYN-LN-00248,B-,development_proxy,,0.75,development_assumption,FICTIONAL DEVELOPMENT: copied S&P symbol as Fitch IDR-equivalency proxy; no Fitch rating or Appendix 5 review. Assumed first-lien facility is senior secured loan with no issue recovery opinion; United States Group 1; Fitch June 1 2026 Appendix 4 pp42-43 and Appendix 6 pp47-48 BBsf Strong fallback.
SYN-LN-00249,B-,development_proxy,,0.75,development_assumption,FICTIONAL DEVELOPMENT: copied S&P symbol as Fitch IDR-equivalency proxy; no Fitch rating or Appendix 5 review. Assumed first-lien facility is senior secured loan with no issue recovery opinion; United States Group 1; Fitch June 1 2026 Appendix 4 pp42-43 and Appendix 6 pp47-48 BBsf Strong fallback.
SYN-LN-00250,B-,development_proxy,,0.75,development_assumption,FICTIONAL DEVELOPMENT: copied S&P symbol as Fitch IDR-equivalency proxy; no Fitch rating or Appendix 5 review. Assumed first-lien facility is senior secured loan with no issue recovery opinion; United States Group 1; Fitch June 1 2026 Appendix 4 pp42-43 and Appendix 6 pp47-48 BBsf Strong fallback.
SYN-LN-00251,B+,development_proxy,,0.75,development_assumption,FICTIONAL DEVELOPMENT: copied S&P symbol as Fitch IDR-equivalency proxy; no Fitch rating or Appendix 5 review. Assumed first-lien facility is senior secured loan with no issue recovery opinion; United States Group 1; Fitch June 1 2026 Appendix 4 pp42-43 and Appendix 6 pp47-48 BBsf Strong fallback.
SYN-LN-00252,B,development_proxy,,0.75,development_assumption,FICTIONAL DEVELOPMENT: copied S&P symbol as Fitch IDR-equivalency proxy; no Fitch rating or Appendix 5 review. Assumed first-lien facility is senior secured loan with no issue recovery opinion; United States Group 1; Fitch June 1 2026 Appendix 4 pp42-43 and Appendix 6 pp47-48 BBsf Strong fallback.
SYN-LN-00253,B,development_proxy,,0.75,development_assumption,FICTIONAL DEVELOPMENT: copied S&P symbol as Fitch IDR-equivalency proxy; no Fitch rating or Appendix 5 review. Assumed first-lien facility is senior secured loan with no issue recovery opinion; United States Group 1; Fitch June 1 2026 Appendix 4 pp42-43 and Appendix 6 pp47-48 BBsf Strong fallback.
SYN-LN-00254,B-,development_proxy,,0.65,development_assumption,FICTIONAL DEVELOPMENT: copied S&P symbol as Fitch IDR-equivalency proxy; no Fitch rating or Appendix 5 review. Assumed first-lien facility is senior secured loan with no issue recovery opinion; Switzerland Group 2; Fitch June 1 2026 Appendix 4 pp42-43 and Appendix 6 pp47-48 BBsf Strong fallback.
SYN-LN-00255,BB,development_proxy,,0.75,development_assumption,FICTIONAL DEVELOPMENT: copied S&P symbol as Fitch IDR-equivalency proxy; no Fitch rating or Appendix 5 review. Assumed first-lien facility is senior secured loan with no issue recovery opinion; United States Group 1; Fitch June 1 2026 Appendix 4 pp42-43 and Appendix 6 pp47-48 BBsf Strong fallback.
SYN-LN-00256,B,development_proxy,,0.75,development_assumption,FICTIONAL DEVELOPMENT: copied S&P symbol as Fitch IDR-equivalency proxy; no Fitch rating or Appendix 5 review. Assumed first-lien facility is senior secured loan with no issue recovery opinion; United States Group 1; Fitch June 1 2026 Appendix 4 pp42-43 and Appendix 6 pp47-48 BBsf Strong fallback.
SYN-LN-00257,BB-,development_proxy,,0.65,development_assumption,FICTIONAL DEVELOPMENT: copied S&P symbol as Fitch IDR-equivalency proxy; no Fitch rating or Appendix 5 review. Assumed first-lien facility is senior secured loan with no issue recovery opinion; Germany Group 2; Fitch June 1 2026 Appendix 4 pp42-43 and Appendix 6 pp47-48 BBsf Strong fallback.
SYN-LN-00258,BB-,development_proxy,,0.75,development_assumption,FICTIONAL DEVELOPMENT: copied S&P symbol as Fitch IDR-equivalency proxy; no Fitch rating or Appendix 5 review. Assumed first-lien facility is senior secured loan with no issue recovery opinion; United States Group 1; Fitch June 1 2026 Appendix 4 pp42-43 and Appendix 6 pp47-48 BBsf Strong fallback.
SYN-LN-00259,B+,development_proxy,,0.75,development_assumption,FICTIONAL DEVELOPMENT: copied S&P symbol as Fitch IDR-equivalency proxy; no Fitch rating or Appendix 5 review. Assumed first-lien facility is senior secured loan with no issue recovery opinion; United States Group 1; Fitch June 1 2026 Appendix 4 pp42-43 and Appendix 6 pp47-48 BBsf Strong fallback.
SYN-LN-00260,BB,development_proxy,,0.75,development_assumption,FICTIONAL DEVELOPMENT: copied S&P symbol as Fitch IDR-equivalency proxy; no Fitch rating or Appendix 5 review. Assumed first-lien facility is senior secured loan with no issue recovery opinion; Australia Group 1; Fitch June 1 2026 Appendix 4 pp42-43 and Appendix 6 pp47-48 BBsf Strong fallback.
SYN-LN-00261,BB-,development_proxy,,0.75,development_assumption,FICTIONAL DEVELOPMENT: copied S&P symbol as Fitch IDR-equivalency proxy; no Fitch rating or Appendix 5 review. Assumed first-lien facility is senior secured loan with no issue recovery opinion; United States Group 1; Fitch June 1 2026 Appendix 4 pp42-43 and Appendix 6 pp47-48 BBsf Strong fallback.
SYN-LN-00262,BB,development_proxy,,0.75,development_assumption,FICTIONAL DEVELOPMENT: copied S&P symbol as Fitch IDR-equivalency proxy; no Fitch rating or Appendix 5 review. Assumed first-lien facility is senior secured loan with no issue recovery opinion; United States Group 1; Fitch June 1 2026 Appendix 4 pp42-43 and Appendix 6 pp47-48 BBsf Strong fallback.
SYN-LN-00263,B,development_proxy,,0.75,development_assumption,FICTIONAL DEVELOPMENT: copied S&P symbol as Fitch IDR-equivalency proxy; no Fitch rating or Appendix 5 review. Assumed first-lien facility is senior secured loan with no issue recovery opinion; United States Group 1; Fitch June 1 2026 Appendix 4 pp42-43 and Appendix 6 pp47-48 BBsf Strong fallback.
SYN-LN-00264,B+,development_proxy,,0.75,development_assumption,FICTIONAL DEVELOPMENT: copied S&P symbol as Fitch IDR-equivalency proxy; no Fitch rating or Appendix 5 review. Assumed first-lien facility is senior secured loan with no issue recovery opinion; United States Group 1; Fitch June 1 2026 Appendix 4 pp42-43 and Appendix 6 pp47-48 BBsf Strong fallback.
SYN-LN-00265,B+,development_proxy,,0.75,development_assumption,FICTIONAL DEVELOPMENT: copied S&P symbol as Fitch IDR-equivalency proxy; no Fitch rating or Appendix 5 review. Assumed first-lien facility is senior secured loan with no issue recovery opinion; United States Group 1; Fitch June 1 2026 Appendix 4 pp42-43 and Appendix 6 pp47-48 BBsf Strong fallback.
SYN-LN-00266,B+,development_proxy,,0.75,development_assumption,FICTIONAL DEVELOPMENT: copied S&P symbol as Fitch IDR-equivalency proxy; no Fitch rating or Appendix 5 review. Assumed first-lien facility is senior secured loan with no issue recovery opinion; United States Group 1; Fitch June 1 2026 Appendix 4 pp42-43 and Appendix 6 pp47-48 BBsf Strong fallback.
SYN-LN-00267,B+,development_proxy,,0.75,development_assumption,FICTIONAL DEVELOPMENT: copied S&P symbol as Fitch IDR-equivalency proxy; no Fitch rating or Appendix 5 review. Assumed first-lien facility is senior secured loan with no issue recovery opinion; United States Group 1; Fitch June 1 2026 Appendix 4 pp42-43 and Appendix 6 pp47-48 BBsf Strong fallback.
SYN-LN-00268,B-,development_proxy,,0.75,development_assumption,FICTIONAL DEVELOPMENT: copied S&P symbol as Fitch IDR-equivalency proxy; no Fitch rating or Appendix 5 review. Assumed first-lien facility is senior secured loan with no issue recovery opinion; United States Group 1; Fitch June 1 2026 Appendix 4 pp42-43 and Appendix 6 pp47-48 BBsf Strong fallback.
SYN-LN-00269,B-,development_proxy,,0.75,development_assumption,FICTIONAL DEVELOPMENT: copied S&P symbol as Fitch IDR-equivalency proxy; no Fitch rating or Appendix 5 review. Assumed first-lien facility is senior secured loan with no issue recovery opinion; United States Group 1; Fitch June 1 2026 Appendix 4 pp42-43 and Appendix 6 pp47-48 BBsf Strong fallback.
SYN-LN-00270,B-,development_proxy,,0.75,development_assumption,FICTIONAL DEVELOPMENT: copied S&P symbol as Fitch IDR-equivalency proxy; no Fitch rating or Appendix 5 review. Assumed first-lien facility is senior secured loan with no issue recovery opinion; United States Group 1; Fitch June 1 2026 Appendix 4 pp42-43 and Appendix 6 pp47-48 BBsf Strong fallback.
SYN-LN-00271,BB-,development_proxy,,0.75,development_assumption,FICTIONAL DEVELOPMENT: copied S&P symbol as Fitch IDR-equivalency proxy; no Fitch rating or Appendix 5 review. Assumed first-lien facility is senior secured loan with no issue recovery opinion; United States Group 1; Fitch June 1 2026 Appendix 4 pp42-43 and Appendix 6 pp47-48 BBsf Strong fallback.
SYN-LN-00272,B-,development_proxy,,0.75,development_assumption,FICTIONAL DEVELOPMENT: copied S&P symbol as Fitch IDR-equivalency proxy; no Fitch rating or Appendix 5 review. Assumed first-lien facility is senior secured loan with no issue recovery opinion; United States Group 1; Fitch June 1 2026 Appendix 4 pp42-43 and Appendix 6 pp47-48 BBsf Strong fallback.
SYN-LN-00273,BBB+,development_proxy,,0.65,development_assumption,FICTIONAL DEVELOPMENT: copied S&P symbol as Fitch IDR-equivalency proxy; no Fitch rating or Appendix 5 review. Assumed first-lien facility is senior secured loan with no issue recovery opinion; Luxembourg Group 2; Fitch June 1 2026 Appendix 4 pp42-43 and Appendix 6 pp47-48 BBsf Strong fallback.
SYN-LN-00274,B,development_proxy,,0.75,development_assumption,FICTIONAL DEVELOPMENT: copied S&P symbol as Fitch IDR-equivalency proxy; no Fitch rating or Appendix 5 review. Assumed first-lien facility is senior secured loan with no issue recovery opinion; United States Group 1; Fitch June 1 2026 Appendix 4 pp42-43 and Appendix 6 pp47-48 BBsf Strong fallback.
SYN-LN-00275,B-,development_proxy,,0.65,development_assumption,FICTIONAL DEVELOPMENT: copied S&P symbol as Fitch IDR-equivalency proxy; no Fitch rating or Appendix 5 review. Assumed first-lien facility is senior secured loan with no issue recovery opinion; United Kingdom Group 2; Fitch June 1 2026 Appendix 4 pp42-43 and Appendix 6 pp47-48 BBsf Strong fallback.
SYN-LN-00276,BB,development_proxy,,0.75,development_assumption,FICTIONAL DEVELOPMENT: copied S&P symbol as Fitch IDR-equivalency proxy; no Fitch rating or Appendix 5 review. Assumed first-lien facility is senior secured loan with no issue recovery opinion; United States Group 1; Fitch June 1 2026 Appendix 4 pp42-43 and Appendix 6 pp47-48 BBsf Strong fallback.
SYN-LN-00277,BB-,development_proxy,,0.75,development_assumption,FICTIONAL DEVELOPMENT: copied S&P symbol as Fitch IDR-equivalency proxy; no Fitch rating or Appendix 5 review. Assumed first-lien facility is senior secured loan with no issue recovery opinion; United States Group 1; Fitch June 1 2026 Appendix 4 pp42-43 and Appendix 6 pp47-48 BBsf Strong fallback.
SYN-LN-00278,BB-,development_proxy,,0.75,development_assumption,FICTIONAL DEVELOPMENT: copied S&P symbol as Fitch IDR-equivalency proxy; no Fitch rating or Appendix 5 review. Assumed first-lien facility is senior secured loan with no issue recovery opinion; United States Group 1; Fitch June 1 2026 Appendix 4 pp42-43 and Appendix 6 pp47-48 BBsf Strong fallback.
SYN-LN-00279,BB-,development_proxy,,0.75,development_assumption,FICTIONAL DEVELOPMENT: copied S&P symbol as Fitch IDR-equivalency proxy; no Fitch rating or Appendix 5 review. Assumed first-lien facility is senior secured loan with no issue recovery opinion; United States Group 1; Fitch June 1 2026 Appendix 4 pp42-43 and Appendix 6 pp47-48 BBsf Strong fallback.
SYN-LN-00280,BB-,development_proxy,,0.75,development_assumption,FICTIONAL DEVELOPMENT: copied S&P symbol as Fitch IDR-equivalency proxy; no Fitch rating or Appendix 5 review. Assumed first-lien facility is senior secured loan with no issue recovery opinion; United States Group 1; Fitch June 1 2026 Appendix 4 pp42-43 and Appendix 6 pp47-48 BBsf Strong fallback.
SYN-LN-00281,BB-,development_proxy,,0.75,development_assumption,FICTIONAL DEVELOPMENT: copied S&P symbol as Fitch IDR-equivalency proxy; no Fitch rating or Appendix 5 review. Assumed first-lien facility is senior secured loan with no issue recovery opinion; United States Group 1; Fitch June 1 2026 Appendix 4 pp42-43 and Appendix 6 pp47-48 BBsf Strong fallback.
SYN-LN-00282,B-,development_proxy,,0.65,development_assumption,FICTIONAL DEVELOPMENT: copied S&P symbol as Fitch IDR-equivalency proxy; no Fitch rating or Appendix 5 review. Assumed first-lien facility is senior secured loan with no issue recovery opinion; Luxembourg Group 2; Fitch June 1 2026 Appendix 4 pp42-43 and Appendix 6 pp47-48 BBsf Strong fallback.
